,Game ID,Innings,Bowl Team,Bat Team,Batsman,Non_Striker,Bowler,BatsmanScore,Extras,Total Runs*,Over*,Ball*,Runs*,Run rate*,Wickets*,Runs_last_5*,Wickets_last_5*,RR_last_5*,Total balls*
0,/225171,1,Ireland,England,ME Trescothick,EC Joyce,DT Johnston,0,0,0,0,1,0,0.0,0,0,0,0.0,1
1,/225171,1,Ireland,England,ME Trescothick,EC Joyce,DT Johnston,0,0,0,0,2,0,0.0,0,0,0,0.0,2
2,/225171,1,Ireland,England,ME Trescothick,EC Joyce,DT Johnston,0,4,4,0,3,4,8.0,0,4,0,8.0,3
3,/225171,1,Ireland,England,ME Trescothick,EC Joyce,DT Johnston,0,2,6,0,4,2,9.0,0,6,0,9.0,4
4,/225171,1,Ireland,England,ME Trescothick,EC Joyce,DT Johnston,0,0,6,0,5,0,7.2,0,6,0,7.2,5
5,/225171,1,Ireland,England,ME Trescothick,EC Joyce,DT Johnston,0,0,6,0,6,0,6.0,0,6,0,6.0,6
6,/225171,1,Ireland,England,EC Joyce,ME Trescothick,D Langford-Smith,0,0,6,1,1,0,5.14,0,6,0,5.14,7
7,/225171,1,Ireland,England,EC Joyce,ME Trescothick,D Langford-Smith,0,0,6,1,2,0,4.5,0,6,0,4.5,8
8,/225171,1,Ireland,England,EC Joyce,ME Trescothick,D Langford-Smith,0,0,6,1,3,0,4.0,0,6,0,4.0,9
9,/225171,1,Ireland,England,EC Joyce,ME Trescothick,D Langford-Smith,0,1,7,1,4,1,4.2,0,7,0,4.2,10
10,/225171,1,Ireland,England,EC Joyce,ME Trescothick,D Langford-Smith,1,0,8,1,5,1,4.36,0,8,0,4.36,11
11,/225171,1,Ireland,England,ME Trescothick,EC Joyce,D Langford-Smith,0,0,8,1,6,0,4.0,0,8,0,4.0,12
12,/225171,1,Ireland,England,ME Trescothick,EC Joyce,D Langford-Smith,1,0,9,1,7,1,4.15,0,9,0,4.15,13
13,/225171,1,Ireland,England,ME Trescothick,EC Joyce,DT Johnston,0,1,10,2,1,1,4.62,0,10,0,4.62,14
14,/225171,1,Ireland,England,ME Trescothick,EC Joyce,DT Johnston,0,0,10,2,2,0,4.29,0,10,0,4.29,15
15,/225171,1,Ireland,England,ME Trescothick,EC Joyce,DT Johnston,0,1,11,2,3,1,4.4,0,11,0,4.4,16
16,/225171,1,Ireland,England,EC Joyce,ME Trescothick,DT Johnston,0,0,11,2,4,0,4.12,0,11,0,4.12,17
17,/225171,1,Ireland,England,EC Joyce,ME Trescothick,DT Johnston,1,0,12,2,5,1,4.24,0,12,0,4.24,18
18,/225171,1,Ireland,England,ME Trescothick,EC Joyce,DT Johnston,0,0,12,2,6,0,4.0,0,12,0,4.0,19
19,/225171,1,Ireland,England,ME Trescothick,EC Joyce,DT Johnston,4,0,16,2,7,4,5.05,0,16,0,5.05,20
20,/225171,1,Ireland,England,EC Joyce,ME Trescothick,D Langford-Smith,0,1,17,3,1,1,5.37,0,17,0,5.37,21
21,/225171,1,Ireland,England,EC Joyce,ME Trescothick,D Langford-Smith,0,0,17,3,2,0,5.1,0,17,0,5.1,22
22,/225171,1,Ireland,England,EC Joyce,ME Trescothick,D Langford-Smith,4,0,21,3,3,4,6.0,0,21,0,6.0,23
23,/225171,1,Ireland,England,EC Joyce,ME Trescothick,D Langford-Smith,0,0,21,3,4,0,5.73,0,21,0,5.73,24
24,/225171,1,Ireland,England,EC Joyce,ME Trescothick,D Langford-Smith,0,0,21,3,5,0,5.48,0,21,0,5.48,25
25,/225171,1,Ireland,England,EC Joyce,ME Trescothick,D Langford-Smith,0,0,21,3,6,0,5.25,0,21,0,5.25,26
26,/225171,1,Ireland,England,EC Joyce,ME Trescothick,D Langford-Smith,0,0,21,3,7,0,5.04,0,21,0,5.04,27
27,/225171,1,Ireland,England,ME Trescothick,EC Joyce,DT Johnston,4,0,25,4,1,4,6.0,0,25,0,6.0,28
28,/225171,1,Ireland,England,ME Trescothick,EC Joyce,DT Johnston,4,0,29,4,2,4,6.69,0,29,0,6.69,29
29,/225171,1,Ireland,England,ME Trescothick,EC Joyce,DT Johnston,3,0,32,4,3,3,7.11,0,32,0,7.11,30
30,/225171,1,Ireland,England,EC Joyce,ME Trescothick,DT Johnston,0,0,32,4,4,0,6.86,0,32,0,6.4,31
31,/225171,1,Ireland,England,EC Joyce,ME Trescothick,DT Johnston,0,0,32,4,5,0,6.62,0,32,0,6.4,32
32,/225171,1,Ireland,England,EC Joyce,ME Trescothick,DT Johnston,0,0,32,4,6,0,6.4,0,28,0,5.6,33
33,/225171,1,Ireland,England,ME Trescothick,EC Joyce,D Langford-Smith,1,0,33,5,1,1,6.39,0,27,0,5.4,34
34,/225171,1,Ireland,England,EC Joyce,ME Trescothick,D Langford-Smith,0,0,33,5,2,0,6.19,0,27,0,5.4,35
35,/225171,1,Ireland,England,EC Joyce,ME Trescothick,D Langford-Smith,4,0,37,5,3,4,6.73,0,31,0,6.2,36
36,/225171,1,Ireland,England,EC Joyce,ME Trescothick,D Langford-Smith,0,0,37,5,4,0,6.53,0,31,0,6.2,37
37,/225171,1,Ireland,England,EC Joyce,ME Trescothick,D Langford-Smith,0,0,37,5,5,0,6.34,0,31,0,6.2,38
38,/225171,1,Ireland,England,EC Joyce,ME Trescothick,D Langford-Smith,0,0,37,5,6,0,6.17,1,31,1,6.2,39
39,/225171,1,Ireland,England,AJ Strauss,ME Trescothick,DT Johnston,0,0,37,6,1,0,6.0,1,30,1,6.0,40
40,/225171,1,Ireland,England,AJ Strauss,ME Trescothick,DT Johnston,0,0,37,6,2,0,5.84,1,29,1,5.8,41
41,/225171,1,Ireland,England,AJ Strauss,ME Trescothick,DT Johnston,0,0,37,6,3,0,5.69,1,29,1,5.8,42
42,/225171,1,Ireland,England,AJ Strauss,ME Trescothick,DT Johnston,0,0,37,6,4,0,5.55,1,28,1,5.6,43
43,/225171,1,Ireland,England,AJ Strauss,ME Trescothick,DT Johnston,0,0,37,6,5,0,5.41,1,27,1,5.4,44
44,/225171,1,Ireland,England,AJ Strauss,ME Trescothick,DT Johnston,0,0,37,6,6,0,5.29,1,27,1,5.4,45
45,/225171,1,Ireland,England,ME Trescothick,AJ Strauss,D Langford-Smith,0,0,37,7,1,0,5.16,1,26,1,5.2,46
46,/225171,1,Ireland,England,ME Trescothick,AJ Strauss,D Langford-Smith,0,0,37,7,2,0,5.05,1,26,1,5.2,47
47,/225171,1,Ireland,England,ME Trescothick,AJ Strauss,D Langford-Smith,0,0,37,7,3,0,4.93,1,25,1,5.0,48
48,/225171,1,Ireland,England,ME Trescothick,AJ Strauss,D Langford-Smith,4,0,41,7,4,4,5.35,1,29,1,5.8,49
49,/225171,1,Ireland,England,ME Trescothick,AJ Strauss,D Langford-Smith,4,0,45,7,5,4,5.74,1,29,1,5.8,50
50,/225171,1,Ireland,England,ME Trescothick,AJ Strauss,D Langford-Smith,0,0,45,7,6,0,5.62,1,28,1,5.6,51
51,/225171,1,Ireland,England,AJ Strauss,ME Trescothick,DT Johnston,0,0,45,8,1,0,5.51,1,28,1,5.6,52
52,/225171,1,Ireland,England,AJ Strauss,ME Trescothick,DT Johnston,0,0,45,8,2,0,5.4,1,24,1,4.8,53
53,/225171,1,Ireland,England,AJ Strauss,ME Trescothick,DT Johnston,0,0,45,8,3,0,5.29,1,24,1,4.8,54
54,/225171,1,Ireland,England,AJ Strauss,ME Trescothick,DT Johnston,0,0,45,8,4,0,5.19,1,24,1,4.8,55
55,/225171,1,Ireland,England,AJ Strauss,ME Trescothick,DT Johnston,4,0,49,8,5,4,5.55,1,28,1,5.6,56
56,/225171,1,Ireland,England,AJ Strauss,ME Trescothick,DT Johnston,0,0,49,8,6,0,5.44,1,28,1,5.6,57
57,/225171,1,Ireland,England,ME Trescothick,AJ Strauss,JF Mooney,0,0,49,9,1,0,5.35,1,24,1,4.8,58
58,/225171,1,Ireland,England,ME Trescothick,AJ Strauss,JF Mooney,4,0,53,9,2,4,5.68,1,24,1,4.8,59
59,/225171,1,Ireland,England,ME Trescothick,AJ Strauss,JF Mooney,0,0,53,9,3,0,5.58,1,21,1,4.2,60
60,/225171,1,Ireland,England,ME Trescothick,AJ Strauss,JF Mooney,2,0,55,9,4,2,5.69,1,23,1,4.6,61
61,/225171,1,Ireland,England,ME Trescothick,AJ Strauss,JF Mooney,0,0,55,9,5,0,5.59,1,23,1,4.6,62
62,/225171,1,Ireland,England,ME Trescothick,AJ Strauss,JF Mooney,0,1,56,9,6,1,5.6,1,24,1,4.8,63
63,/225171,1,Ireland,England,ME Trescothick,AJ Strauss,JF Mooney,4,0,60,9,7,4,5.9,1,27,1,5.4,64
64,/225171,1,Ireland,England,AJ Strauss,ME Trescothick,KJ O'Brien,0,0,60,10,1,0,5.9,2,27,2,5.4,65
65,/225171,1,Ireland,England,PD Collingwood,ME Trescothick,KJ O'Brien,3,0,63,10,2,3,6.1,2,26,2,5.2,66
66,/225171,1,Ireland,England,ME Trescothick,PD Collingwood,KJ O'Brien,1,0,64,10,3,1,6.1,2,27,2,5.4,67
67,/225171,1,Ireland,England,PD Collingwood,ME Trescothick,KJ O'Brien,3,0,67,10,4,3,6.28,2,30,2,6.0,68
68,/225171,1,Ireland,England,ME Trescothick,PD Collingwood,KJ O'Brien,1,0,68,10,5,1,6.28,2,31,1,6.2,69
69,/225171,1,Ireland,England,PD Collingwood,ME Trescothick,KJ O'Brien,0,0,68,10,6,0,6.18,2,31,1,6.2,70
70,/225171,1,Ireland,England,ME Trescothick,PD Collingwood,JF Mooney,4,0,72,11,1,4,6.45,2,35,1,7.0,71
71,/225171,1,Ireland,England,ME Trescothick,PD Collingwood,JF Mooney,0,0,72,11,2,0,6.35,2,35,1,7.0,72
72,/225171,1,Ireland,England,ME Trescothick,PD Collingwood,JF Mooney,0,1,73,11,3,1,6.35,2,36,1,7.2,73
73,/225171,1,Ireland,England,ME Trescothick,PD Collingwood,JF Mooney,0,5,78,11,4,5,6.69,2,41,1,8.2,74
74,/225171,1,Ireland,England,ME Trescothick,PD Collingwood,JF Mooney,0,0,78,11,5,0,6.59,2,41,1,8.2,75
75,/225171,1,Ireland,England,ME Trescothick,PD Collingwood,JF Mooney,0,1,79,11,6,1,6.58,2,42,1,8.4,76
76,/225171,1,Ireland,England,PD Collingwood,ME Trescothick,JF Mooney,0,0,79,11,7,0,6.49,2,42,1,8.4,77
77,/225171,1,Ireland,England,PD Collingwood,ME Trescothick,JF Mooney,0,0,79,11,8,0,6.41,2,42,1,8.4,78
78,/225171,1,Ireland,England,ME Trescothick,PD Collingwood,KJ O'Brien,0,0,79,12,1,0,6.49,2,38,1,7.6,79
79,/225171,1,Ireland,England,ME Trescothick,PD Collingwood,KJ O'Brien,0,0,79,12,2,0,6.41,2,34,1,6.8,80
80,/225171,1,Ireland,England,ME Trescothick,PD Collingwood,KJ O'Brien,2,0,81,12,3,2,6.48,2,36,1,7.2,81
81,/225171,1,Ireland,England,ME Trescothick,PD Collingwood,KJ O'Brien,1,0,82,12,4,1,6.47,2,37,1,7.4,82
82,/225171,1,Ireland,England,PD Collingwood,ME Trescothick,KJ O'Brien,0,0,82,12,5,0,6.39,2,37,1,7.4,83
83,/225171,1,Ireland,England,PD Collingwood,ME Trescothick,KJ O'Brien,0,0,82,12,6,0,6.31,2,37,1,7.4,84
84,/225171,1,Ireland,England,ME Trescothick,PD Collingwood,JF Mooney,4,0,86,13,1,4,6.53,2,41,1,8.2,85
85,/225171,1,Ireland,England,ME Trescothick,PD Collingwood,JF Mooney,0,0,86,13,2,0,6.45,2,37,1,7.4,86
86,/225171,1,Ireland,England,ME Trescothick,PD Collingwood,JF Mooney,0,2,88,13,3,2,6.52,2,39,1,7.8,87
87,/225171,1,Ireland,England,PD Collingwood,ME Trescothick,JF Mooney,0,0,88,13,4,0,6.44,2,39,1,7.8,88
88,/225171,1,Ireland,England,PD Collingwood,ME Trescothick,JF Mooney,4,0,92,13,5,4,6.65,2,39,1,7.8,89
89,/225171,1,Ireland,England,PD Collingwood,ME Trescothick,JF Mooney,0,0,92,13,6,0,6.57,2,39,1,7.8,90
90,/225171,1,Ireland,England,PD Collingwood,ME Trescothick,JF Mooney,0,0,92,13,7,0,6.49,3,37,2,7.4,91
91,/225171,1,Ireland,England,ME Trescothick,IR Bell,KJ O'Brien,2,0,94,14,1,2,6.64,3,39,2,7.8,92
92,/225171,1,Ireland,England,ME Trescothick,IR Bell,KJ O'Brien,0,0,94,14,2,0,6.56,3,38,2,7.6,93
93,/225171,1,Ireland,England,ME Trescothick,IR Bell,KJ O'Brien,0,0,94,14,3,0,6.48,3,34,2,6.8,94
94,/225171,1,Ireland,England,ME Trescothick,IR Bell,KJ O'Brien,0,0,94,14,4,0,6.41,3,34,1,6.8,95
95,/225171,1,Ireland,England,ME Trescothick,IR Bell,KJ O'Brien,0,0,94,14,5,0,6.34,3,31,1,6.2,96
96,/225171,1,Ireland,England,ME Trescothick,IR Bell,KJ O'Brien,1,0,95,14,6,1,6.33,3,31,1,6.2,97
97,/225171,1,Ireland,England,ME Trescothick,IR Bell,JF Mooney,4,0,99,15,1,4,6.53,3,32,1,6.4,98
98,/225171,1,Ireland,England,ME Trescothick,IR Bell,JF Mooney,2,0,101,15,2,2,6.59,3,33,1,6.6,99
99,/225171,1,Ireland,England,ME Trescothick,IR Bell,JF Mooney,0,0,101,15,3,0,6.52,3,33,1,6.6,100
100,/225171,1,Ireland,England,ME Trescothick,IR Bell,JF Mooney,1,0,102,15,4,1,6.51,3,30,1,6.0,101
101,/225171,1,Ireland,England,IR Bell,ME Trescothick,JF Mooney,0,0,102,15,5,0,6.44,3,30,1,6.0,102
102,/225171,1,Ireland,England,IR Bell,ME Trescothick,JF Mooney,4,0,106,15,6,4,6.62,3,33,1,6.6,103
103,/225171,1,Ireland,England,ME Trescothick,IR Bell,KJ O'Brien,0,0,106,16,1,0,6.56,3,28,1,5.6,104
104,/225171,1,Ireland,England,ME Trescothick,IR Bell,KJ O'Brien,0,0,106,16,2,0,6.49,3,28,1,5.6,105
105,/225171,1,Ireland,England,ME Trescothick,IR Bell,KJ O'Brien,2,0,108,16,3,2,6.55,3,29,1,5.8,106
106,/225171,1,Ireland,England,ME Trescothick,IR Bell,KJ O'Brien,0,1,109,16,4,1,6.54,3,30,1,6.0,107
107,/225171,1,Ireland,England,ME Trescothick,IR Bell,KJ O'Brien,2,0,111,16,5,2,6.59,3,32,1,6.4,108
108,/225171,1,Ireland,England,ME Trescothick,IR Bell,KJ O'Brien,1,0,112,16,6,1,6.59,3,33,1,6.6,109
109,/225171,1,Ireland,England,IR Bell,ME Trescothick,KJ O'Brien,0,0,112,16,7,0,6.52,3,33,1,6.6,110
110,/225171,1,Ireland,England,ME Trescothick,IR Bell,JF Mooney,1,0,113,17,1,1,6.58,3,32,1,6.4,111
111,/225171,1,Ireland,England,IR Bell,ME Trescothick,JF Mooney,2,0,115,17,2,2,6.63,3,33,1,6.6,112
112,/225171,1,Ireland,England,IR Bell,ME Trescothick,JF Mooney,0,1,116,17,3,1,6.63,3,34,1,6.8,113
113,/225171,1,Ireland,England,IR Bell,ME Trescothick,JF Mooney,0,0,116,17,4,0,6.57,3,34,1,6.8,114
114,/225171,1,Ireland,England,IR Bell,ME Trescothick,JF Mooney,0,0,116,17,5,0,6.5,3,30,1,6.0,115
115,/225171,1,Ireland,England,IR Bell,ME Trescothick,JF Mooney,0,0,116,17,6,0,6.44,3,30,1,6.0,116
116,/225171,1,Ireland,England,IR Bell,ME Trescothick,JF Mooney,0,0,116,17,7,0,6.39,3,28,1,5.6,117
117,/225171,1,Ireland,England,ME Trescothick,IR Bell,D Langford-Smith,0,0,116,18,1,0,6.39,3,28,1,5.6,118
118,/225171,1,Ireland,England,ME Trescothick,IR Bell,D Langford-Smith,1,0,117,18,2,1,6.38,3,25,1,5.0,119
119,/225171,1,Ireland,England,IR Bell,ME Trescothick,D Langford-Smith,0,0,117,18,3,0,6.32,3,25,1,5.0,120
120,/225171,1,Ireland,England,IR Bell,ME Trescothick,D Langford-Smith,0,0,117,18,4,0,6.27,3,25,0,5.0,121
121,/225171,1,Ireland,England,IR Bell,ME Trescothick,D Langford-Smith,0,0,117,18,5,0,6.21,3,23,0,4.6,122
122,/225171,1,Ireland,England,IR Bell,ME Trescothick,D Langford-Smith,0,0,117,18,6,0,6.16,3,23,0,4.6,123
123,/225171,1,Ireland,England,ME Trescothick,IR Bell,PJK Mooney,0,0,117,19,1,0,6.1,3,23,0,4.6,124
124,/225171,1,Ireland,England,ME Trescothick,IR Bell,PJK Mooney,1,0,118,19,2,1,6.1,3,24,0,4.8,125
125,/225171,1,Ireland,England,IR Bell,ME Trescothick,PJK Mooney,0,0,118,19,3,0,6.05,3,24,0,4.8,126
126,/225171,1,Ireland,England,IR Bell,ME Trescothick,PJK Mooney,0,0,118,19,4,0,6.0,3,23,0,4.6,127
127,/225171,1,Ireland,England,IR Bell,ME Trescothick,PJK Mooney,0,0,118,19,5,0,5.95,3,19,0,3.8,128
128,/225171,1,Ireland,England,IR Bell,ME Trescothick,PJK Mooney,0,0,118,19,6,0,5.9,3,17,0,3.4,129
129,/225171,1,Ireland,England,ME Trescothick,IR Bell,D Langford-Smith,1,0,119,20,1,1,5.9,3,18,0,3.6,130
130,/225171,1,Ireland,England,IR Bell,ME Trescothick,D Langford-Smith,1,0,120,20,2,1,5.9,3,18,0,3.6,131
131,/225171,1,Ireland,England,ME Trescothick,IR Bell,D Langford-Smith,1,0,121,20,3,1,5.9,3,19,0,3.8,132
132,/225171,1,Ireland,England,IR Bell,ME Trescothick,D Langford-Smith,0,0,121,20,4,0,5.85,3,15,0,3.0,133
133,/225171,1,Ireland,England,IR Bell,ME Trescothick,D Langford-Smith,1,0,122,20,5,1,5.86,3,16,0,3.2,134
134,/225171,1,Ireland,England,ME Trescothick,IR Bell,D Langford-Smith,0,0,122,20,6,0,5.81,3,16,0,3.2,135
135,/225171,1,Ireland,England,IR Bell,ME Trescothick,PJK Mooney,1,0,123,21,1,1,5.81,3,15,0,3.0,136
136,/225171,1,Ireland,England,ME Trescothick,IR Bell,PJK Mooney,1,0,124,21,2,1,5.81,3,15,0,3.0,137
137,/225171,1,Ireland,England,IR Bell,ME Trescothick,PJK Mooney,1,0,125,21,3,1,5.81,3,14,0,2.8,138
138,/225171,1,Ireland,England,ME Trescothick,IR Bell,PJK Mooney,1,0,126,21,4,1,5.82,3,14,0,2.8,139
139,/225171,1,Ireland,England,IR Bell,ME Trescothick,PJK Mooney,0,0,126,21,5,0,5.77,3,14,0,2.8,140
140,/225171,1,Ireland,England,IR Bell,ME Trescothick,PJK Mooney,0,0,126,21,6,0,5.73,3,13,0,2.6,141
141,/225171,1,Ireland,England,ME Trescothick,IR Bell,WK McCallan,1,0,127,22,1,1,5.73,3,12,0,2.4,142
142,/225171,1,Ireland,England,IR Bell,ME Trescothick,WK McCallan,1,0,128,22,2,1,5.73,3,12,0,2.4,143
143,/225171,1,Ireland,England,ME Trescothick,IR Bell,WK McCallan,2,0,130,22,3,2,5.78,3,14,0,2.8,144
144,/225171,1,Ireland,England,ME Trescothick,IR Bell,WK McCallan,3,0,133,22,4,3,5.87,3,17,0,3.4,145
145,/225171,1,Ireland,England,IR Bell,ME Trescothick,WK McCallan,0,0,133,22,5,0,5.82,3,17,0,3.4,146
146,/225171,1,Ireland,England,IR Bell,ME Trescothick,WK McCallan,1,0,134,22,6,1,5.83,3,18,0,3.6,147
147,/225171,1,Ireland,England,IR Bell,ME Trescothick,PJK Mooney,0,0,134,23,1,0,5.78,3,18,0,3.6,148
148,/225171,1,Ireland,England,IR Bell,ME Trescothick,PJK Mooney,0,0,134,23,2,0,5.74,3,17,0,3.4,149
149,/225171,1,Ireland,England,IR Bell,ME Trescothick,PJK Mooney,2,0,136,23,3,2,5.79,3,19,0,3.8,150
150,/225171,1,Ireland,England,IR Bell,ME Trescothick,PJK Mooney,1,0,137,23,4,1,5.79,3,20,0,4.0,151
151,/225171,1,Ireland,England,ME Trescothick,IR Bell,PJK Mooney,1,0,138,23,5,1,5.79,3,21,0,4.2,152
152,/225171,1,Ireland,England,IR Bell,ME Trescothick,PJK Mooney,0,0,138,23,6,0,5.75,3,21,0,4.2,153
153,/225171,1,Ireland,England,ME Trescothick,IR Bell,WK McCallan,1,0,139,24,1,1,5.75,3,22,0,4.4,154
154,/225171,1,Ireland,England,IR Bell,ME Trescothick,WK McCallan,1,0,140,24,2,1,5.75,3,22,0,4.4,155
155,/225171,1,Ireland,England,ME Trescothick,IR Bell,WK McCallan,0,0,140,24,3,0,5.71,3,22,0,4.4,156
156,/225171,1,Ireland,England,ME Trescothick,IR Bell,WK McCallan,1,0,141,24,4,1,5.72,3,23,0,4.6,157
157,/225171,1,Ireland,England,IR Bell,ME Trescothick,WK McCallan,1,0,142,24,5,1,5.72,3,24,0,4.8,158
158,/225171,1,Ireland,England,ME Trescothick,IR Bell,WK McCallan,1,0,143,24,6,1,5.72,3,25,0,5.0,159
159,/225171,1,Ireland,England,ME Trescothick,IR Bell,PJK Mooney,1,0,144,25,1,1,5.72,3,25,0,5.0,160
160,/225171,1,Ireland,England,IR Bell,ME Trescothick,PJK Mooney,1,0,145,25,2,1,5.72,3,25,0,5.0,161
161,/225171,1,Ireland,England,ME Trescothick,IR Bell,PJK Mooney,1,0,146,25,3,1,5.73,3,25,0,5.0,162
162,/225171,1,Ireland,England,IR Bell,ME Trescothick,PJK Mooney,1,0,147,25,4,1,5.73,3,26,0,5.2,163
163,/225171,1,Ireland,England,ME Trescothick,IR Bell,PJK Mooney,1,0,148,25,5,1,5.73,3,26,0,5.2,164
164,/225171,1,Ireland,England,IR Bell,ME Trescothick,PJK Mooney,0,0,148,25,6,0,5.69,3,26,0,5.2,165
165,/225171,1,Ireland,England,ME Trescothick,IR Bell,WK McCallan,1,0,149,26,1,1,5.69,3,26,0,5.2,166
166,/225171,1,Ireland,England,IR Bell,ME Trescothick,WK McCallan,0,0,149,26,2,0,5.66,3,25,0,5.0,167
167,/225171,1,Ireland,England,IR Bell,ME Trescothick,WK McCallan,1,0,150,26,3,1,5.66,3,25,0,5.0,168
168,/225171,1,Ireland,England,ME Trescothick,IR Bell,WK McCallan,1,0,151,26,4,1,5.66,3,25,0,5.0,169
169,/225171,1,Ireland,England,IR Bell,ME Trescothick,WK McCallan,1,0,152,26,5,1,5.66,3,26,0,5.2,170
170,/225171,1,Ireland,England,ME Trescothick,IR Bell,WK McCallan,0,0,152,26,6,0,5.63,3,26,0,5.2,171
171,/225171,1,Ireland,England,IR Bell,ME Trescothick,PJK Mooney,1,0,153,27,1,1,5.63,3,26,0,5.2,172
172,/225171,1,Ireland,England,ME Trescothick,IR Bell,PJK Mooney,0,0,153,27,2,0,5.6,3,25,0,5.0,173
173,/225171,1,Ireland,England,ME Trescothick,IR Bell,PJK Mooney,0,0,153,27,3,0,5.56,3,23,0,4.6,174
174,/225171,1,Ireland,England,ME Trescothick,IR Bell,PJK Mooney,1,0,154,27,4,1,5.57,3,21,0,4.2,175
175,/225171,1,Ireland,England,IR Bell,ME Trescothick,PJK Mooney,1,0,155,27,5,1,5.57,3,22,0,4.4,176
176,/225171,1,Ireland,England,ME Trescothick,IR Bell,PJK Mooney,0,0,155,27,6,0,5.54,3,21,0,4.2,177
177,/225171,1,Ireland,England,IR Bell,ME Trescothick,WK McCallan,0,0,155,28,1,0,5.5,3,21,0,4.2,178
178,/225171,1,Ireland,England,IR Bell,ME Trescothick,WK McCallan,1,0,156,28,2,1,5.51,3,22,0,4.4,179
179,/225171,1,Ireland,England,ME Trescothick,IR Bell,WK McCallan,0,0,156,28,3,0,5.47,3,20,0,4.0,180
180,/225171,1,Ireland,England,ME Trescothick,IR Bell,WK McCallan,1,0,157,28,4,1,5.48,3,20,0,4.0,181
181,/225171,1,Ireland,England,IR Bell,ME Trescothick,WK McCallan,1,0,158,28,5,1,5.48,3,20,0,4.0,182
182,/225171,1,Ireland,England,ME Trescothick,IR Bell,WK McCallan,0,0,158,28,6,0,5.45,3,20,0,4.0,183
183,/225171,1,Ireland,England,IR Bell,ME Trescothick,KJ O'Brien,0,0,158,29,1,0,5.42,3,19,0,3.8,184
184,/225171,1,Ireland,England,IR Bell,ME Trescothick,KJ O'Brien,2,0,160,29,2,2,5.45,3,20,0,4.0,185
185,/225171,1,Ireland,England,IR Bell,ME Trescothick,KJ O'Brien,1,0,161,29,3,1,5.46,3,21,0,4.2,186
186,/225171,1,Ireland,England,ME Trescothick,IR Bell,KJ O'Brien,1,0,162,29,4,1,5.46,3,21,0,4.2,187
187,/225171,1,Ireland,England,IR Bell,ME Trescothick,KJ O'Brien,1,0,163,29,5,1,5.46,3,21,0,4.2,188
188,/225171,1,Ireland,England,ME Trescothick,IR Bell,KJ O'Brien,2,0,165,29,6,2,5.5,3,22,0,4.4,189
189,/225171,1,Ireland,England,IR Bell,ME Trescothick,WK McCallan,1,0,166,30,1,1,5.5,3,22,0,4.4,190
190,/225171,1,Ireland,England,ME Trescothick,IR Bell,WK McCallan,1,0,167,30,2,1,5.51,3,22,0,4.4,191
191,/225171,1,Ireland,England,IR Bell,ME Trescothick,WK McCallan,2,0,169,30,3,2,5.54,3,23,0,4.6,192
192,/225171,1,Ireland,England,IR Bell,ME Trescothick,WK McCallan,0,0,169,30,4,0,5.51,3,22,0,4.4,193
193,/225171,1,Ireland,England,IR Bell,ME Trescothick,WK McCallan,1,0,170,30,5,1,5.51,3,22,0,4.4,194
194,/225171,1,Ireland,England,ME Trescothick,IR Bell,WK McCallan,1,0,171,30,6,1,5.52,3,23,0,4.6,195
195,/225171,1,Ireland,England,ME Trescothick,IR Bell,KJ O'Brien,1,0,172,31,1,1,5.52,3,23,0,4.6,196
196,/225171,1,Ireland,England,IR Bell,ME Trescothick,KJ O'Brien,0,0,172,31,2,0,5.49,3,23,0,4.6,197
197,/225171,1,Ireland,England,IR Bell,ME Trescothick,KJ O'Brien,0,0,172,31,3,0,5.46,3,22,0,4.4,198
198,/225171,1,Ireland,England,IR Bell,ME Trescothick,KJ O'Brien,2,0,174,31,4,2,5.49,3,23,0,4.6,199
199,/225171,1,Ireland,England,IR Bell,ME Trescothick,KJ O'Brien,1,0,175,31,5,1,5.5,3,23,0,4.6,200
200,/225171,1,Ireland,England,ME Trescothick,IR Bell,KJ O'Brien,0,1,176,31,6,1,5.5,3,24,0,4.8,201
201,/225171,1,Ireland,England,ME Trescothick,IR Bell,DT Johnston,4,0,180,32,1,4,5.6,3,27,0,5.4,202
202,/225171,1,Ireland,England,ME Trescothick,IR Bell,DT Johnston,1,0,181,32,2,1,5.6,3,28,0,5.6,203
203,/225171,1,Ireland,England,IR Bell,ME Trescothick,DT Johnston,1,0,182,32,3,1,5.6,3,29,0,5.8,204
204,/225171,1,Ireland,England,ME Trescothick,IR Bell,DT Johnston,0,0,182,32,4,0,5.57,3,28,0,5.6,205
205,/225171,1,Ireland,England,ME Trescothick,IR Bell,DT Johnston,0,0,182,32,5,0,5.54,3,27,0,5.4,206
206,/225171,1,Ireland,England,ME Trescothick,IR Bell,DT Johnston,0,0,182,32,6,0,5.52,3,27,0,5.4,207
207,/225171,1,Ireland,England,IR Bell,ME Trescothick,KJ O'Brien,0,0,182,33,1,0,5.49,3,27,0,5.4,208
208,/225171,1,Ireland,England,IR Bell,ME Trescothick,KJ O'Brien,0,0,182,33,2,0,5.46,3,26,0,5.2,209
209,/225171,1,Ireland,England,IR Bell,ME Trescothick,KJ O'Brien,0,1,183,33,3,1,5.46,3,27,0,5.4,210
210,/225171,1,Ireland,England,IR Bell,ME Trescothick,KJ O'Brien,0,0,183,33,4,0,5.44,3,26,0,5.2,211
211,/225171,1,Ireland,England,IR Bell,ME Trescothick,KJ O'Brien,0,0,183,33,5,0,5.41,3,25,0,5.0,212
212,/225171,1,Ireland,England,IR Bell,ME Trescothick,KJ O'Brien,1,0,184,33,6,1,5.41,3,26,0,5.2,213
213,/225171,1,Ireland,England,ME Trescothick,IR Bell,KJ O'Brien,0,0,184,33,7,0,5.39,3,26,0,5.2,214
214,/225171,1,Ireland,England,IR Bell,ME Trescothick,DT Johnston,0,0,184,34,1,0,5.39,3,24,0,4.8,215
215,/225171,1,Ireland,England,IR Bell,ME Trescothick,DT Johnston,0,0,184,34,2,0,5.36,3,23,0,4.6,216
216,/225171,1,Ireland,England,IR Bell,ME Trescothick,DT Johnston,1,0,185,34,3,1,5.36,3,23,0,4.6,217
217,/225171,1,Ireland,England,ME Trescothick,IR Bell,DT Johnston,0,0,185,34,4,0,5.34,3,22,0,4.4,218
218,/225171,1,Ireland,England,ME Trescothick,IR Bell,DT Johnston,1,0,186,34,5,1,5.34,3,21,0,4.2,219
219,/225171,1,Ireland,England,IR Bell,ME Trescothick,DT Johnston,1,0,187,34,6,1,5.34,3,21,0,4.2,220
220,/225171,1,Ireland,England,IR Bell,ME Trescothick,KJ O'Brien,0,1,188,35,1,1,5.35,3,21,0,4.2,221
221,/225171,1,Ireland,England,IR Bell,ME Trescothick,KJ O'Brien,0,0,188,35,2,0,5.32,3,19,0,3.8,222
222,/225171,1,Ireland,England,IR Bell,ME Trescothick,KJ O'Brien,0,0,188,35,3,0,5.3,3,19,0,3.8,223
223,/225171,1,Ireland,England,IR Bell,ME Trescothick,KJ O'Brien,0,0,188,35,4,0,5.27,3,18,0,3.6,224
224,/225171,1,Ireland,England,IR Bell,ME Trescothick,KJ O'Brien,0,0,188,35,5,0,5.25,3,17,0,3.4,225
225,/225171,1,Ireland,England,IR Bell,ME Trescothick,KJ O'Brien,1,0,189,35,6,1,5.25,3,17,0,3.4,226
226,/225171,1,Ireland,England,ME Trescothick,IR Bell,KJ O'Brien,0,0,189,35,7,0,5.23,3,17,0,3.4,227
227,/225171,1,Ireland,England,IR Bell,ME Trescothick,DT Johnston,4,0,193,36,1,4,5.34,3,21,0,4.2,228
228,/225171,1,Ireland,England,IR Bell,ME Trescothick,DT Johnston,3,0,196,36,2,3,5.39,3,22,0,4.4,229
229,/225171,1,Ireland,England,ME Trescothick,IR Bell,DT Johnston,1,0,197,36,3,1,5.4,3,22,0,4.4,230
230,/225171,1,Ireland,England,IR Bell,ME Trescothick,DT Johnston,0,0,197,36,4,0,5.37,3,21,0,4.2,231
231,/225171,1,Ireland,England,IR Bell,ME Trescothick,DT Johnston,0,0,197,36,5,0,5.35,3,17,0,3.4,232
232,/225171,1,Ireland,England,IR Bell,ME Trescothick,DT Johnston,0,0,197,36,6,0,5.32,3,16,0,3.2,233
233,/225171,1,Ireland,England,ME Trescothick,IR Bell,KJ O'Brien,1,0,198,37,1,1,5.33,3,16,0,3.2,234
234,/225171,1,Ireland,England,IR Bell,ME Trescothick,KJ O'Brien,2,0,200,37,2,2,5.36,3,18,0,3.6,235
235,/225171,1,Ireland,England,IR Bell,ME Trescothick,KJ O'Brien,0,0,200,37,3,0,5.33,3,18,0,3.6,236
236,/225171,1,Ireland,England,IR Bell,ME Trescothick,KJ O'Brien,1,0,201,37,4,1,5.34,3,19,0,3.8,237
237,/225171,1,Ireland,England,ME Trescothick,IR Bell,KJ O'Brien,1,0,202,37,5,1,5.34,3,20,0,4.0,238
238,/225171,1,Ireland,England,IR Bell,ME Trescothick,KJ O'Brien,0,0,202,37,6,0,5.32,3,20,0,4.0,239
239,/225171,1,Ireland,England,ME Trescothick,IR Bell,DT Johnston,2,0,204,38,1,2,5.34,3,21,0,4.2,240
240,/225171,1,Ireland,England,ME Trescothick,IR Bell,DT Johnston,1,0,205,38,2,1,5.35,3,22,0,4.4,241
241,/225171,1,Ireland,England,IR Bell,ME Trescothick,DT Johnston,2,0,207,38,3,2,5.38,3,24,0,4.8,242
242,/225171,1,Ireland,England,IR Bell,ME Trescothick,DT Johnston,2,0,209,38,4,2,5.41,3,25,0,5.0,243
243,/225171,1,Ireland,England,IR Bell,ME Trescothick,DT Johnston,1,0,210,38,5,1,5.41,3,26,0,5.2,244
244,/225171,1,Ireland,England,ME Trescothick,IR Bell,DT Johnston,0,0,210,38,6,0,5.38,3,26,0,5.2,245
245,/225171,1,Ireland,England,IR Bell,ME Trescothick,KJ O'Brien,0,0,210,39,1,0,5.36,3,26,0,5.2,246
246,/225171,1,Ireland,England,IR Bell,ME Trescothick,KJ O'Brien,0,0,210,39,2,0,5.34,3,25,0,5.0,247
247,/225171,1,Ireland,England,IR Bell,ME Trescothick,KJ O'Brien,4,0,214,39,3,4,5.42,3,29,0,5.8,248
248,/225171,1,Ireland,England,IR Bell,ME Trescothick,KJ O'Brien,0,0,214,39,4,0,5.39,3,28,0,5.6,249
249,/225171,1,Ireland,England,IR Bell,ME Trescothick,KJ O'Brien,0,1,215,39,5,1,5.4,3,28,0,5.6,250
250,/225171,1,Ireland,England,IR Bell,ME Trescothick,KJ O'Brien,1,0,216,39,6,1,5.4,3,28,0,5.6,251
251,/225171,1,Ireland,England,ME Trescothick,IR Bell,KJ O'Brien,1,0,217,39,7,1,5.4,3,29,0,5.8,252
252,/225171,1,Ireland,England,ME Trescothick,IR Bell,DT Johnston,1,0,218,40,1,1,5.43,3,30,0,6.0,253
253,/225171,1,Ireland,England,IR Bell,ME Trescothick,DT Johnston,4,0,222,40,2,4,5.5,3,34,0,6.8,254
254,/225171,1,Ireland,England,IR Bell,ME Trescothick,DT Johnston,2,0,224,40,3,2,5.53,3,36,0,7.2,255
255,/225171,1,Ireland,England,IR Bell,ME Trescothick,DT Johnston,1,0,225,40,4,1,5.53,3,36,0,7.2,256
256,/225171,1,Ireland,England,ME Trescothick,IR Bell,DT Johnston,4,0,229,40,5,4,5.61,3,40,0,8.0,257
257,/225171,1,Ireland,England,ME Trescothick,IR Bell,DT Johnston,1,0,230,40,6,1,5.61,3,37,0,7.4,258
258,/225171,1,Ireland,England,ME Trescothick,IR Bell,JF Mooney,1,0,231,41,1,1,5.61,3,35,0,7.0,259
259,/225171,1,Ireland,England,IR Bell,ME Trescothick,JF Mooney,2,0,233,41,2,2,5.64,3,36,0,7.2,260
260,/225171,1,Ireland,England,IR Bell,ME Trescothick,JF Mooney,1,0,234,41,3,1,5.64,3,37,0,7.4,261
261,/225171,1,Ireland,England,ME Trescothick,IR Bell,JF Mooney,0,0,234,41,4,0,5.62,3,37,0,7.4,262
262,/225171,1,Ireland,England,ME Trescothick,IR Bell,JF Mooney,0,0,234,41,5,0,5.59,4,37,1,7.4,263
263,/225171,1,Ireland,England,IR Bell,JWM Dalrymple,JF Mooney,1,0,235,41,6,1,5.6,4,37,1,7.4,264
264,/225171,1,Ireland,England,IR Bell,JWM Dalrymple,D Langford-Smith,0,1,236,42,1,1,5.6,4,36,1,7.2,265
265,/225171,1,Ireland,England,IR Bell,JWM Dalrymple,D Langford-Smith,1,0,237,42,2,1,5.6,4,37,1,7.4,266
266,/225171,1,Ireland,England,JWM Dalrymple,IR Bell,D Langford-Smith,2,0,239,42,3,2,5.62,4,38,1,7.6,267
267,/225171,1,Ireland,England,JWM Dalrymple,IR Bell,D Langford-Smith,0,0,239,42,4,0,5.6,4,37,1,7.4,268
268,/225171,1,Ireland,England,JWM Dalrymple,IR Bell,D Langford-Smith,2,0,241,42,5,2,5.63,4,39,1,7.8,269
269,/225171,1,Ireland,England,JWM Dalrymple,IR Bell,D Langford-Smith,2,0,243,42,6,2,5.65,4,39,1,7.8,270
270,/225171,1,Ireland,England,JWM Dalrymple,IR Bell,D Langford-Smith,1,0,244,42,7,1,5.65,4,39,1,7.8,271
271,/225171,1,Ireland,England,JWM Dalrymple,IR Bell,JF Mooney,0,0,244,43,1,0,5.65,4,37,1,7.4,272
272,/225171,1,Ireland,England,JWM Dalrymple,IR Bell,JF Mooney,1,0,245,43,2,1,5.65,4,36,1,7.2,273
273,/225171,1,Ireland,England,IR Bell,JWM Dalrymple,JF Mooney,2,0,247,43,3,2,5.68,4,37,1,7.4,274
274,/225171,1,Ireland,England,IR Bell,JWM Dalrymple,JF Mooney,1,0,248,43,4,1,5.68,4,38,1,7.6,275
275,/225171,1,Ireland,England,JWM Dalrymple,IR Bell,JF Mooney,1,0,249,43,5,1,5.68,4,39,1,7.8,276
276,/225171,1,Ireland,England,IR Bell,JWM Dalrymple,JF Mooney,2,0,251,43,6,2,5.7,4,41,1,8.2,277
277,/225171,1,Ireland,England,JWM Dalrymple,IR Bell,D Langford-Smith,0,1,252,44,1,1,5.71,4,38,1,7.6,278
278,/225171,1,Ireland,England,JWM Dalrymple,IR Bell,D Langford-Smith,0,0,252,44,2,0,5.68,4,38,1,7.6,279
279,/225171,1,Ireland,England,JWM Dalrymple,IR Bell,D Langford-Smith,1,0,253,44,3,1,5.69,4,38,1,7.6,280
280,/225171,1,Ireland,England,IR Bell,JWM Dalrymple,D Langford-Smith,1,0,254,44,4,1,5.69,4,38,1,7.6,281
281,/225171,1,Ireland,England,JWM Dalrymple,IR Bell,D Langford-Smith,2,0,256,44,5,2,5.71,4,39,1,7.8,282
282,/225171,1,Ireland,England,JWM Dalrymple,IR Bell,D Langford-Smith,1,0,257,44,6,1,5.71,4,39,1,7.8,283
283,/225171,1,Ireland,England,IR Bell,JWM Dalrymple,D Langford-Smith,1,0,258,44,7,1,5.71,4,36,1,7.2,284
284,/225171,1,Ireland,England,IR Bell,JWM Dalrymple,JF Mooney,0,0,258,45,1,0,5.71,5,34,2,6.8,285
285,/225171,1,Ireland,England,GO Jones,JWM Dalrymple,JF Mooney,1,0,259,45,2,1,5.71,5,34,2,6.8,286
286,/225171,1,Ireland,England,JWM Dalrymple,GO Jones,JF Mooney,0,0,259,45,3,0,5.69,5,30,2,6.0,287
287,/225171,1,Ireland,England,JWM Dalrymple,GO Jones,JF Mooney,1,0,260,45,4,1,5.69,5,30,2,6.0,288
288,/225171,1,Ireland,England,GO Jones,JWM Dalrymple,JF Mooney,1,0,261,45,5,1,5.69,5,30,2,6.0,289
289,/225171,1,Ireland,England,JWM Dalrymple,GO Jones,JF Mooney,1,0,262,45,6,1,5.7,5,29,2,5.8,290
290,/225171,1,Ireland,England,JWM Dalrymple,GO Jones,D Langford-Smith,2,0,264,46,1,2,5.72,5,30,2,6.0,291
291,/225171,1,Ireland,England,JWM Dalrymple,GO Jones,D Langford-Smith,0,0,264,46,2,0,5.7,6,30,3,6.0,292
292,/225171,1,Ireland,England,GO Jones,G Chapple,D Langford-Smith,1,0,265,46,3,1,5.7,6,31,2,6.2,293
293,/225171,1,Ireland,England,G Chapple,GO Jones,D Langford-Smith,1,0,266,46,4,1,5.7,6,31,2,6.2,294
294,/225171,1,Ireland,England,GO Jones,G Chapple,D Langford-Smith,0,1,267,46,5,1,5.7,6,31,2,6.2,295
295,/225171,1,Ireland,England,G Chapple,GO Jones,D Langford-Smith,1,0,268,46,6,1,5.7,6,31,2,6.2,296
296,/225171,1,Ireland,England,G Chapple,GO Jones,JF Mooney,1,0,269,47,1,1,5.7,6,30,2,6.0,297
297,/225171,1,Ireland,England,GO Jones,G Chapple,JF Mooney,0,0,269,47,2,0,5.68,6,30,2,6.0,298
298,/225171,1,Ireland,England,GO Jones,G Chapple,JF Mooney,4,0,273,47,3,4,5.75,6,32,2,6.4,299
299,/225171,1,Ireland,England,GO Jones,G Chapple,JF Mooney,0,0,273,47,4,0,5.73,6,30,2,6.0,300
300,/225171,1,Ireland,England,GO Jones,G Chapple,JF Mooney,1,0,274,47,5,1,5.73,6,30,2,6.0,301
301,/225171,1,Ireland,England,G Chapple,GO Jones,JF Mooney,1,0,275,47,6,1,5.73,6,31,2,6.2,302
302,/225171,1,Ireland,England,G Chapple,GO Jones,D Langford-Smith,4,0,279,48,1,4,5.79,6,34,2,6.8,303
303,/225171,1,Ireland,England,G Chapple,GO Jones,D Langford-Smith,6,0,285,48,2,6,5.9,6,38,2,7.6,304
304,/225171,1,Ireland,England,G Chapple,GO Jones,D Langford-Smith,0,0,285,48,3,0,5.88,7,37,3,7.4,305
305,/225171,1,Ireland,England,GO Jones,LE Plunkett,D Langford-Smith,1,0,286,48,4,1,5.88,7,37,3,7.4,306
306,/225171,1,Ireland,England,LE Plunkett,GO Jones,D Langford-Smith,1,0,287,48,5,1,5.88,7,36,3,7.2,307
307,/225171,1,Ireland,England,GO Jones,LE Plunkett,D Langford-Smith,4,0,291,48,6,4,5.94,7,39,3,7.8,308
308,/225171,1,Ireland,England,LE Plunkett,GO Jones,JF Mooney,0,1,292,49,1,1,5.94,7,40,3,8.0,309
309,/225171,1,Ireland,England,LE Plunkett,GO Jones,JF Mooney,1,0,293,49,2,1,5.94,7,40,3,8.0,310
310,/225171,1,Ireland,England,GO Jones,LE Plunkett,JF Mooney,2,0,295,49,3,2,5.96,7,41,3,8.2,311
311,/225171,1,Ireland,England,GO Jones,LE Plunkett,JF Mooney,1,0,296,49,4,1,5.96,7,40,3,8.0,312
312,/225171,1,Ireland,England,LE Plunkett,GO Jones,JF Mooney,0,0,296,49,5,0,5.94,7,39,3,7.8,313
313,/225171,1,Ireland,England,LE Plunkett,GO Jones,JF Mooney,1,0,297,49,6,1,5.94,7,39,3,7.8,314
314,/225171,1,Ireland,England,GO Jones,LE Plunkett,JF Mooney,4,0,301,49,7,4,6.0,7,43,2,8.6,315
0,/225171,2,England,Ireland,DI Joyce,JP Bray,SJ Harmison,0,0,0,0,1,0,0.0,0,0,0,0.0,1
1,/225171,2,England,Ireland,DI Joyce,JP Bray,SJ Harmison,0,0,0,0,2,0,0.0,0,0,0,0.0,2
2,/225171,2,England,Ireland,DI Joyce,JP Bray,SJ Harmison,0,5,5,0,3,5,10.0,0,5,0,10.0,3
3,/225171,2,England,Ireland,DI Joyce,JP Bray,SJ Harmison,0,5,10,0,4,5,15.0,0,10,0,15.0,4
4,/225171,2,England,Ireland,DI Joyce,JP Bray,SJ Harmison,0,0,10,0,5,0,12.0,1,10,1,12.0,5
5,/225171,2,England,Ireland,AC Botha,JP Bray,SJ Harmison,0,0,10,0,6,0,10.0,1,10,0,10.0,6
6,/225171,2,England,Ireland,AC Botha,JP Bray,SJ Harmison,0,0,10,0,7,0,8.57,1,10,0,8.57,7
7,/225171,2,England,Ireland,AC Botha,JP Bray,SJ Harmison,0,0,10,0,8,0,7.5,1,10,0,7.5,8
8,/225171,2,England,Ireland,JP Bray,AC Botha,G Chapple,0,0,10,1,1,0,8.57,1,10,0,8.57,9
9,/225171,2,England,Ireland,JP Bray,AC Botha,G Chapple,0,0,10,1,2,0,7.5,1,10,0,7.5,10
10,/225171,2,England,Ireland,JP Bray,AC Botha,G Chapple,1,0,11,1,3,1,7.33,1,11,0,7.33,11
11,/225171,2,England,Ireland,AC Botha,JP Bray,G Chapple,0,0,11,1,4,0,6.6,1,11,0,6.6,12
12,/225171,2,England,Ireland,AC Botha,JP Bray,G Chapple,1,0,12,1,5,1,6.55,1,12,0,6.55,13
13,/225171,2,England,Ireland,JP Bray,AC Botha,G Chapple,0,0,12,1,6,0,6.0,1,12,0,6.0,14
14,/225171,2,England,Ireland,AC Botha,JP Bray,SJ Harmison,4,0,16,2,1,4,7.38,1,16,0,7.38,15
15,/225171,2,England,Ireland,AC Botha,JP Bray,SJ Harmison,0,1,17,2,2,1,7.29,1,17,0,7.29,16
16,/225171,2,England,Ireland,AC Botha,JP Bray,SJ Harmison,0,0,17,2,3,0,6.8,1,17,0,6.8,17
17,/225171,2,England,Ireland,AC Botha,JP Bray,SJ Harmison,0,1,18,2,4,1,6.75,1,18,0,6.75,18
18,/225171,2,England,Ireland,AC Botha,JP Bray,SJ Harmison,1,0,19,2,5,1,6.71,1,19,0,6.71,19
19,/225171,2,England,Ireland,JP Bray,AC Botha,SJ Harmison,1,1,21,2,6,2,7.0,1,21,0,7.0,20
20,/225171,2,England,Ireland,AC Botha,JP Bray,SJ Harmison,0,0,21,2,7,0,6.63,1,21,0,6.63,21
21,/225171,2,England,Ireland,AC Botha,JP Bray,SJ Harmison,0,0,21,2,8,0,6.3,1,21,0,6.3,22
22,/225171,2,England,Ireland,AC Botha,JP Bray,SJ Harmison,0,0,21,2,9,0,6.0,1,21,0,6.0,23
23,/225171,2,England,Ireland,JP Bray,AC Botha,G Chapple,4,0,25,3,1,4,7.89,1,25,0,7.89,24
24,/225171,2,England,Ireland,JP Bray,AC Botha,G Chapple,0,0,25,3,2,0,7.5,1,25,0,7.5,25
25,/225171,2,England,Ireland,JP Bray,AC Botha,G Chapple,0,0,25,3,3,0,7.14,1,25,0,7.14,26
26,/225171,2,England,Ireland,JP Bray,AC Botha,G Chapple,0,0,25,3,4,0,6.82,1,25,0,6.82,27
27,/225171,2,England,Ireland,JP Bray,AC Botha,G Chapple,0,0,25,3,5,0,6.52,1,25,0,6.52,28
28,/225171,2,England,Ireland,JP Bray,AC Botha,G Chapple,0,0,25,3,6,0,6.25,1,25,0,6.25,29
29,/225171,2,England,Ireland,AC Botha,JP Bray,SJ Harmison,0,0,25,4,1,0,6.0,1,25,0,6.0,30
30,/225171,2,England,Ireland,AC Botha,JP Bray,SJ Harmison,0,1,26,4,2,1,6.0,1,26,1,5.2,31
31,/225171,2,England,Ireland,AC Botha,JP Bray,SJ Harmison,0,1,27,4,3,1,6.0,1,27,1,5.4,32
32,/225171,2,England,Ireland,AC Botha,JP Bray,SJ Harmison,0,0,27,4,4,0,5.79,1,22,1,4.4,33
33,/225171,2,England,Ireland,AC Botha,JP Bray,SJ Harmison,1,0,28,4,5,1,5.79,1,18,1,3.6,34
34,/225171,2,England,Ireland,JP Bray,AC Botha,SJ Harmison,0,0,28,4,6,0,5.6,1,18,0,3.6,35
35,/225171,2,England,Ireland,JP Bray,AC Botha,SJ Harmison,0,0,28,4,7,0,5.42,1,18,0,3.6,36
36,/225171,2,England,Ireland,JP Bray,AC Botha,SJ Harmison,2,0,30,4,8,2,5.62,1,20,0,4.0,37
37,/225171,2,England,Ireland,AC Botha,JP Bray,G Chapple,1,0,31,5,1,1,6.0,1,21,0,4.2,38
38,/225171,2,England,Ireland,JP Bray,AC Botha,G Chapple,1,0,32,5,2,1,6.0,1,22,0,4.4,39
39,/225171,2,England,Ireland,AC Botha,JP Bray,G Chapple,0,0,32,5,3,0,5.82,1,22,0,4.4,40
40,/225171,2,England,Ireland,AC Botha,JP Bray,G Chapple,0,0,32,5,4,0,5.65,1,21,0,4.2,41
41,/225171,2,England,Ireland,AC Botha,JP Bray,G Chapple,0,0,32,5,5,0,5.49,1,21,0,4.2,42
42,/225171,2,England,Ireland,AC Botha,JP Bray,G Chapple,0,0,32,5,6,0,5.33,1,20,0,4.0,43
43,/225171,2,England,Ireland,JP Bray,AC Botha,SJ Harmison,2,0,34,6,1,2,5.51,1,22,0,4.4,44
44,/225171,2,England,Ireland,JP Bray,AC Botha,SJ Harmison,0,0,34,6,2,0,5.37,1,18,0,3.6,45
45,/225171,2,England,Ireland,JP Bray,AC Botha,SJ Harmison,0,0,34,6,3,0,5.23,1,17,0,3.4,46
46,/225171,2,England,Ireland,JP Bray,AC Botha,SJ Harmison,1,0,35,6,4,1,5.25,1,18,0,3.6,47
47,/225171,2,England,Ireland,AC Botha,JP Bray,SJ Harmison,0,0,35,6,5,0,5.12,1,17,0,3.4,48
48,/225171,2,England,Ireland,AC Botha,JP Bray,SJ Harmison,0,1,36,6,6,1,5.14,1,17,0,3.4,49
49,/225171,2,England,Ireland,AC Botha,JP Bray,SJ Harmison,1,0,37,6,7,1,5.16,1,16,0,3.2,50
50,/225171,2,England,Ireland,AC Botha,JP Bray,G Chapple,1,0,38,7,1,1,5.3,1,17,0,3.4,51
51,/225171,2,England,Ireland,JP Bray,AC Botha,G Chapple,1,0,39,7,2,1,5.32,1,18,0,3.6,52
52,/225171,2,England,Ireland,AC Botha,JP Bray,G Chapple,4,0,43,7,3,4,5.73,1,22,0,4.4,53
53,/225171,2,England,Ireland,AC Botha,JP Bray,G Chapple,0,0,43,7,4,0,5.61,1,18,0,3.6,54
54,/225171,2,England,Ireland,AC Botha,JP Bray,G Chapple,0,0,43,7,5,0,5.49,1,18,0,3.6,55
55,/225171,2,England,Ireland,AC Botha,JP Bray,G Chapple,0,0,43,7,6,0,5.38,1,18,0,3.6,56
56,/225171,2,England,Ireland,JP Bray,AC Botha,LE Plunkett,4,0,47,8,1,4,5.76,1,22,0,4.4,57
57,/225171,2,England,Ireland,JP Bray,AC Botha,LE Plunkett,1,0,48,8,2,1,5.76,1,23,0,4.6,58
58,/225171,2,England,Ireland,AC Botha,JP Bray,LE Plunkett,0,0,48,8,3,0,5.65,1,23,0,4.6,59
59,/225171,2,England,Ireland,AC Botha,JP Bray,LE Plunkett,4,0,52,8,4,4,6.0,1,27,0,5.4,60
60,/225171,2,England,Ireland,AC Botha,JP Bray,LE Plunkett,0,0,52,8,5,0,5.89,1,26,0,5.2,61
61,/225171,2,England,Ireland,AC Botha,JP Bray,LE Plunkett,0,0,52,8,6,0,5.78,1,25,0,5.0,62
62,/225171,2,England,Ireland,JP Bray,AC Botha,SI Mahmood,0,0,52,9,1,0,5.67,1,25,0,5.0,63
63,/225171,2,England,Ireland,JP Bray,AC Botha,SI Mahmood,0,0,52,9,2,0,5.57,1,24,0,4.8,64
64,/225171,2,England,Ireland,JP Bray,AC Botha,SI Mahmood,0,1,53,9,3,1,5.58,1,25,0,5.0,65
65,/225171,2,England,Ireland,AC Botha,JP Bray,SI Mahmood,1,0,54,9,4,1,5.59,1,26,0,5.2,66
66,/225171,2,England,Ireland,JP Bray,AC Botha,SI Mahmood,4,0,58,9,5,4,5.9,1,28,0,5.6,67
67,/225171,2,England,Ireland,JP Bray,AC Botha,SI Mahmood,0,0,58,9,6,0,5.8,1,27,0,5.4,68
68,/225171,2,England,Ireland,AC Botha,JP Bray,LE Plunkett,0,0,58,10,1,0,5.7,1,26,0,5.2,69
69,/225171,2,England,Ireland,AC Botha,JP Bray,LE Plunkett,0,0,58,10,2,0,5.61,1,26,0,5.2,70
70,/225171,2,England,Ireland,AC Botha,JP Bray,LE Plunkett,2,0,60,10,3,2,5.71,1,28,0,5.6,71
71,/225171,2,England,Ireland,AC Botha,JP Bray,LE Plunkett,0,0,60,10,4,0,5.62,1,28,0,5.6,72
72,/225171,2,England,Ireland,AC Botha,JP Bray,LE Plunkett,0,0,60,10,5,0,5.54,1,28,0,5.6,73
73,/225171,2,England,Ireland,AC Botha,JP Bray,LE Plunkett,0,0,60,10,6,0,5.45,1,26,0,5.2,74
74,/225171,2,England,Ireland,JP Bray,AC Botha,SI Mahmood,0,0,60,11,1,0,5.37,1,26,0,5.2,75
75,/225171,2,England,Ireland,JP Bray,AC Botha,SI Mahmood,0,0,60,11,2,0,5.29,2,26,1,5.2,76
76,/225171,2,England,Ireland,WK McCallan,AC Botha,SI Mahmood,1,0,61,11,3,1,5.3,2,26,1,5.2,77
77,/225171,2,England,Ireland,AC Botha,WK McCallan,SI Mahmood,0,0,61,11,4,0,5.23,2,26,1,5.2,78
78,/225171,2,England,Ireland,AC Botha,WK McCallan,SI Mahmood,1,1,63,11,5,2,5.32,2,27,1,5.4,79
79,/225171,2,England,Ireland,WK McCallan,AC Botha,SI Mahmood,0,0,63,11,6,0,5.25,2,26,1,5.2,80
80,/225171,2,England,Ireland,WK McCallan,AC Botha,SI Mahmood,0,0,63,11,7,0,5.18,2,25,1,5.0,81
81,/225171,2,England,Ireland,AC Botha,WK McCallan,LE Plunkett,0,0,63,12,1,0,5.18,2,24,1,4.8,82
82,/225171,2,England,Ireland,AC Botha,WK McCallan,LE Plunkett,0,0,63,12,2,0,5.11,2,20,1,4.0,83
83,/225171,2,England,Ireland,AC Botha,WK McCallan,LE Plunkett,1,0,64,12,3,1,5.12,2,21,1,4.2,84
84,/225171,2,England,Ireland,WK McCallan,AC Botha,LE Plunkett,0,0,64,12,4,0,5.05,2,21,1,4.2,85
85,/225171,2,England,Ireland,WK McCallan,AC Botha,LE Plunkett,0,0,64,12,5,0,4.99,2,21,1,4.2,86
86,/225171,2,England,Ireland,WK McCallan,AC Botha,LE Plunkett,0,0,64,12,6,0,4.92,2,17,1,3.4,87
87,/225171,2,England,Ireland,AC Botha,WK McCallan,SI Mahmood,1,0,65,13,1,1,4.94,2,17,1,3.4,88
88,/225171,2,England,Ireland,WK McCallan,AC Botha,SI Mahmood,0,0,65,13,2,0,4.88,2,17,1,3.4,89
89,/225171,2,England,Ireland,WK McCallan,AC Botha,SI Mahmood,0,0,65,13,3,0,4.81,2,13,1,2.6,90
90,/225171,2,England,Ireland,WK McCallan,AC Botha,SI Mahmood,0,1,66,13,4,1,4.83,2,14,1,2.8,91
91,/225171,2,England,Ireland,AC Botha,WK McCallan,SI Mahmood,0,0,66,13,5,0,4.77,2,14,1,2.8,92
92,/225171,2,England,Ireland,AC Botha,WK McCallan,SI Mahmood,1,0,67,13,6,1,4.79,2,15,1,3.0,93
93,/225171,2,England,Ireland,AC Botha,WK McCallan,LE Plunkett,0,0,67,14,1,0,4.73,2,15,1,3.0,94
94,/225171,2,England,Ireland,AC Botha,WK McCallan,LE Plunkett,0,0,67,14,2,0,4.67,2,14,1,2.8,95
95,/225171,2,England,Ireland,AC Botha,WK McCallan,LE Plunkett,0,0,67,14,3,0,4.62,2,13,1,2.6,96
96,/225171,2,England,Ireland,AC Botha,WK McCallan,LE Plunkett,0,0,67,14,4,0,4.57,2,9,1,1.8,97
97,/225171,2,England,Ireland,AC Botha,WK McCallan,LE Plunkett,3,0,70,14,5,3,4.72,2,12,1,2.4,98
98,/225171,2,England,Ireland,WK McCallan,AC Botha,LE Plunkett,0,0,70,14,6,0,4.67,2,12,1,2.4,99
99,/225171,2,England,Ireland,AC Botha,WK McCallan,SI Mahmood,0,0,70,15,1,0,4.62,2,12,1,2.4,100
100,/225171,2,England,Ireland,AC Botha,WK McCallan,SI Mahmood,0,1,71,15,2,1,4.63,2,11,1,2.2,101
101,/225171,2,England,Ireland,AC Botha,WK McCallan,SI Mahmood,0,0,71,15,3,0,4.58,2,11,1,2.2,102
102,/225171,2,England,Ireland,AC Botha,WK McCallan,SI Mahmood,0,0,71,15,4,0,4.53,2,11,1,2.2,103
103,/225171,2,England,Ireland,AC Botha,WK McCallan,SI Mahmood,0,0,71,15,5,0,4.48,2,11,1,2.2,104
104,/225171,2,England,Ireland,AC Botha,WK McCallan,SI Mahmood,0,0,71,15,6,0,4.44,2,11,1,2.2,105
105,/225171,2,England,Ireland,AC Botha,WK McCallan,SI Mahmood,0,0,71,15,7,0,4.39,2,11,0,2.2,106
106,/225171,2,England,Ireland,WK McCallan,AC Botha,LE Plunkett,1,0,72,16,1,1,4.45,2,11,0,2.2,107
107,/225171,2,England,Ireland,AC Botha,WK McCallan,LE Plunkett,0,0,72,16,2,0,4.41,2,11,0,2.2,108
108,/225171,2,England,Ireland,AC Botha,WK McCallan,LE Plunkett,1,0,73,16,3,1,4.42,2,10,0,2.0,109
109,/225171,2,England,Ireland,WK McCallan,AC Botha,LE Plunkett,0,0,73,16,4,0,4.38,2,10,0,2.0,110
110,/225171,2,England,Ireland,WK McCallan,AC Botha,LE Plunkett,1,0,74,16,5,1,4.4,2,11,0,2.2,111
111,/225171,2,England,Ireland,AC Botha,WK McCallan,LE Plunkett,0,0,74,16,6,0,4.35,2,11,0,2.2,112
112,/225171,2,England,Ireland,WK McCallan,AC Botha,SI Mahmood,0,0,74,17,1,0,4.31,2,11,0,2.2,113
113,/225171,2,England,Ireland,WK McCallan,AC Botha,SI Mahmood,0,0,74,17,2,0,4.27,2,10,0,2.0,114
114,/225171,2,England,Ireland,WK McCallan,AC Botha,SI Mahmood,0,0,74,17,3,0,4.23,2,10,0,2.0,115
115,/225171,2,England,Ireland,WK McCallan,AC Botha,SI Mahmood,0,0,74,17,4,0,4.19,2,10,0,2.0,116
116,/225171,2,England,Ireland,WK McCallan,AC Botha,SI Mahmood,0,0,74,17,5,0,4.15,2,10,0,2.0,117
117,/225171,2,England,Ireland,WK McCallan,AC Botha,SI Mahmood,0,1,75,17,6,1,4.17,2,10,0,2.0,118
118,/225171,2,England,Ireland,WK McCallan,AC Botha,LE Plunkett,0,0,75,18,1,0,4.13,2,10,0,2.0,119
119,/225171,2,England,Ireland,WK McCallan,AC Botha,LE Plunkett,0,0,75,18,2,0,4.09,2,10,0,2.0,120
120,/225171,2,England,Ireland,WK McCallan,AC Botha,LE Plunkett,0,1,76,18,3,1,4.11,2,10,0,2.0,121
121,/225171,2,England,Ireland,WK McCallan,AC Botha,LE Plunkett,4,0,80,18,4,4,4.29,2,14,0,2.8,122
122,/225171,2,England,Ireland,WK McCallan,AC Botha,LE Plunkett,0,0,80,18,5,0,4.25,2,13,0,2.6,123
123,/225171,2,England,Ireland,WK McCallan,AC Botha,LE Plunkett,1,0,81,18,6,1,4.26,2,14,0,2.8,124
124,/225171,2,England,Ireland,AC Botha,WK McCallan,LE Plunkett,0,0,81,18,7,0,4.23,2,14,0,2.8,125
125,/225171,2,England,Ireland,WK McCallan,AC Botha,SI Mahmood,1,0,82,19,1,1,4.28,2,15,0,3.0,126
126,/225171,2,England,Ireland,AC Botha,WK McCallan,SI Mahmood,0,0,82,19,2,0,4.24,2,15,0,3.0,127
127,/225171,2,England,Ireland,AC Botha,WK McCallan,SI Mahmood,2,0,84,19,3,2,4.31,2,14,0,2.8,128
128,/225171,2,England,Ireland,AC Botha,WK McCallan,SI Mahmood,4,0,88,19,4,4,4.47,2,18,0,3.6,129
129,/225171,2,England,Ireland,AC Botha,WK McCallan,SI Mahmood,1,0,89,19,5,1,4.49,2,19,0,3.8,130
130,/225171,2,England,Ireland,WK McCallan,AC Botha,SI Mahmood,0,0,89,19,6,0,4.45,2,18,0,3.6,131
131,/225171,2,England,Ireland,AC Botha,WK McCallan,PD Collingwood,0,1,90,20,1,1,4.46,2,19,0,3.8,132
132,/225171,2,England,Ireland,AC Botha,WK McCallan,PD Collingwood,1,0,91,20,2,1,4.48,2,20,0,4.0,133
133,/225171,2,England,Ireland,WK McCallan,AC Botha,PD Collingwood,1,0,92,20,3,1,4.49,2,21,0,4.2,134
134,/225171,2,England,Ireland,AC Botha,WK McCallan,PD Collingwood,4,0,96,20,4,4,4.65,2,25,0,5.0,135
135,/225171,2,England,Ireland,AC Botha,WK McCallan,PD Collingwood,0,0,96,20,5,0,4.61,2,25,0,5.0,136
136,/225171,2,England,Ireland,AC Botha,WK McCallan,PD Collingwood,0,0,96,20,6,0,4.57,2,24,0,4.8,137
137,/225171,2,England,Ireland,AC Botha,WK McCallan,PD Collingwood,0,0,96,20,7,0,4.54,2,24,0,4.8,138
138,/225171,2,England,Ireland,WK McCallan,AC Botha,JWM Dalrymple,1,0,97,21,1,1,4.58,2,24,0,4.8,139
139,/225171,2,England,Ireland,AC Botha,WK McCallan,JWM Dalrymple,1,0,98,21,2,1,4.59,2,25,0,5.0,140
140,/225171,2,England,Ireland,WK McCallan,AC Botha,JWM Dalrymple,0,0,98,21,3,0,4.56,2,24,0,4.8,141
141,/225171,2,England,Ireland,WK McCallan,AC Botha,JWM Dalrymple,0,0,98,21,4,0,4.52,2,24,0,4.8,142
142,/225171,2,England,Ireland,WK McCallan,AC Botha,JWM Dalrymple,0,0,98,21,5,0,4.49,2,24,0,4.8,143
143,/225171,2,England,Ireland,WK McCallan,AC Botha,JWM Dalrymple,1,0,99,21,6,1,4.5,2,25,0,5.0,144
144,/225171,2,England,Ireland,WK McCallan,AC Botha,PD Collingwood,2,0,101,22,1,2,4.56,2,27,0,5.4,145
145,/225171,2,England,Ireland,WK McCallan,AC Botha,PD Collingwood,0,0,101,22,2,0,4.52,2,27,0,5.4,146
146,/225171,2,England,Ireland,WK McCallan,AC Botha,PD Collingwood,1,0,102,22,3,1,4.53,2,28,0,5.6,147
147,/225171,2,England,Ireland,AC Botha,WK McCallan,PD Collingwood,0,0,102,22,4,0,4.5,2,27,0,5.4,148
148,/225171,2,England,Ireland,AC Botha,WK McCallan,PD Collingwood,2,0,104,22,5,2,4.55,2,29,0,5.8,149
149,/225171,2,England,Ireland,AC Botha,WK McCallan,PD Collingwood,1,0,105,22,6,1,4.57,2,30,0,6.0,150
150,/225171,2,England,Ireland,AC Botha,WK McCallan,JWM Dalrymple,1,0,106,23,1,1,4.58,2,30,0,6.0,151
151,/225171,2,England,Ireland,WK McCallan,AC Botha,JWM Dalrymple,4,0,110,23,2,4,4.71,2,30,0,6.0,152
152,/225171,2,England,Ireland,WK McCallan,AC Botha,JWM Dalrymple,0,0,110,23,3,0,4.68,2,30,0,6.0,153
153,/225171,2,England,Ireland,WK McCallan,AC Botha,JWM Dalrymple,1,0,111,23,4,1,4.69,2,30,0,6.0,154
154,/225171,2,England,Ireland,AC Botha,WK McCallan,JWM Dalrymple,1,0,112,23,5,1,4.7,2,31,0,6.2,155
155,/225171,2,England,Ireland,WK McCallan,AC Botha,JWM Dalrymple,1,0,113,23,6,1,4.71,2,31,0,6.2,156
156,/225171,2,England,Ireland,WK McCallan,AC Botha,PD Collingwood,1,0,114,24,1,1,4.72,2,32,0,6.4,157
157,/225171,2,England,Ireland,AC Botha,WK McCallan,PD Collingwood,1,0,115,24,2,1,4.73,2,31,0,6.2,158
158,/225171,2,England,Ireland,WK McCallan,AC Botha,PD Collingwood,0,0,115,24,3,0,4.69,2,27,0,5.4,159
159,/225171,2,England,Ireland,WK McCallan,AC Botha,PD Collingwood,0,0,115,24,4,0,4.66,2,26,0,5.2,160
160,/225171,2,England,Ireland,WK McCallan,AC Botha,PD Collingwood,1,0,116,24,5,1,4.67,2,27,0,5.4,161
161,/225171,2,England,Ireland,AC Botha,WK McCallan,PD Collingwood,0,0,116,24,6,0,4.64,2,26,0,5.2,162
162,/225171,2,England,Ireland,WK McCallan,AC Botha,SJ Harmison,1,0,117,25,1,1,4.65,2,26,0,5.2,163
163,/225171,2,England,Ireland,AC Botha,WK McCallan,SJ Harmison,0,0,117,25,2,0,4.62,2,25,0,5.0,164
164,/225171,2,England,Ireland,AC Botha,WK McCallan,SJ Harmison,0,0,117,25,3,0,4.59,2,21,0,4.2,165
165,/225171,2,England,Ireland,AC Botha,WK McCallan,SJ Harmison,1,0,118,25,4,1,4.6,2,22,0,4.4,166
166,/225171,2,England,Ireland,WK McCallan,AC Botha,SJ Harmison,0,0,118,25,5,0,4.57,3,22,1,4.4,167
167,/225171,2,England,Ireland,PG Gillespie,AC Botha,SJ Harmison,0,0,118,25,6,0,4.54,3,22,1,4.4,168
168,/225171,2,England,Ireland,AC Botha,PG Gillespie,PD Collingwood,0,0,118,26,1,0,4.51,3,21,1,4.2,169
169,/225171,2,England,Ireland,AC Botha,PG Gillespie,PD Collingwood,1,0,119,26,2,1,4.52,3,21,1,4.2,170
170,/225171,2,England,Ireland,PG Gillespie,AC Botha,PD Collingwood,0,2,121,26,3,2,4.57,3,23,1,4.6,171
171,/225171,2,England,Ireland,PG Gillespie,AC Botha,PD Collingwood,0,0,121,26,4,0,4.54,4,23,2,4.6,172
172,/225171,2,England,Ireland,DT Johnston,AC Botha,PD Collingwood,4,0,125,26,5,4,4.66,4,27,2,5.4,173
173,/225171,2,England,Ireland,DT Johnston,AC Botha,PD Collingwood,0,1,126,26,6,1,4.67,4,27,2,5.4,174
174,/225171,2,England,Ireland,DT Johnston,AC Botha,PD Collingwood,1,0,127,26,7,1,4.67,4,26,2,5.2,175
175,/225171,2,England,Ireland,DT Johnston,AC Botha,SJ Harmison,0,0,127,27,1,0,4.67,5,26,3,5.2,176
176,/225171,2,England,Ireland,AR White,AC Botha,SJ Harmison,0,0,127,27,2,0,4.65,5,25,3,5.0,177
177,/225171,2,England,Ireland,AR White,AC Botha,SJ Harmison,0,0,127,27,3,0,4.62,5,25,3,5.0,178
178,/225171,2,England,Ireland,AR White,AC Botha,SJ Harmison,0,1,128,27,4,1,4.63,5,24,3,4.8,179
179,/225171,2,England,Ireland,AR White,AC Botha,SJ Harmison,0,1,129,27,5,1,4.63,5,24,3,4.8,180
180,/225171,2,England,Ireland,AR White,AC Botha,SJ Harmison,0,0,129,27,6,0,4.61,5,23,3,4.6,181
181,/225171,2,England,Ireland,AR White,AC Botha,SJ Harmison,0,0,129,27,7,0,4.58,5,19,3,3.8,182
182,/225171,2,England,Ireland,AR White,AC Botha,SJ Harmison,3,0,132,27,8,3,4.66,5,22,3,4.4,183
183,/225171,2,England,Ireland,AR White,AC Botha,PD Collingwood,0,0,132,28,1,0,4.69,5,21,3,4.2,184
184,/225171,2,England,Ireland,AR White,AC Botha,PD Collingwood,1,0,133,28,2,1,4.69,5,21,3,4.2,185
185,/225171,2,England,Ireland,AC Botha,AR White,PD Collingwood,0,0,133,28,3,0,4.67,5,20,3,4.0,186
186,/225171,2,England,Ireland,AC Botha,AR White,PD Collingwood,2,0,135,28,4,2,4.71,5,21,3,4.2,187
187,/225171,2,England,Ireland,AC Botha,AR White,PD Collingwood,0,0,135,28,5,0,4.68,5,20,3,4.0,188
188,/225171,2,England,Ireland,AC Botha,AR White,PD Collingwood,0,0,135,28,6,0,4.66,6,20,4,4.0,189
189,/225171,2,England,Ireland,AR White,KJ O'Brien,SJ Harmison,0,0,135,29,1,0,4.63,6,20,4,4.0,190
190,/225171,2,England,Ireland,AR White,KJ O'Brien,SJ Harmison,1,0,136,29,2,1,4.64,6,20,4,4.0,191
191,/225171,2,England,Ireland,KJ O'Brien,AR White,SJ Harmison,2,0,138,29,3,2,4.68,6,22,4,4.4,192
192,/225171,2,England,Ireland,KJ O'Brien,AR White,SJ Harmison,0,0,138,29,4,0,4.65,6,21,4,4.2,193
193,/225171,2,England,Ireland,KJ O'Brien,AR White,SJ Harmison,0,1,139,29,5,1,4.66,6,22,4,4.4,194
194,/225171,2,England,Ireland,KJ O'Brien,AR White,SJ Harmison,0,0,139,29,6,0,4.63,6,22,4,4.4,195
195,/225171,2,England,Ireland,KJ O'Brien,AR White,SJ Harmison,0,0,139,29,7,0,4.61,6,21,4,4.2,196
196,/225171,2,England,Ireland,AR White,KJ O'Brien,JWM Dalrymple,0,0,139,30,1,0,4.61,6,21,3,4.2,197
197,/225171,2,England,Ireland,AR White,KJ O'Brien,JWM Dalrymple,1,0,140,30,2,1,4.62,6,22,3,4.4,198
198,/225171,2,England,Ireland,KJ O'Brien,AR White,JWM Dalrymple,0,0,140,30,3,0,4.59,6,22,3,4.4,199
199,/225171,2,England,Ireland,KJ O'Brien,AR White,JWM Dalrymple,0,0,140,30,4,0,4.57,6,21,3,4.2,200
200,/225171,2,England,Ireland,KJ O'Brien,AR White,JWM Dalrymple,0,0,140,30,5,0,4.54,6,19,3,3.8,201
201,/225171,2,England,Ireland,KJ O'Brien,AR White,JWM Dalrymple,1,0,141,30,6,1,4.55,6,20,2,4.0,202
202,/225171,2,England,Ireland,KJ O'Brien,AR White,SJ Harmison,1,0,142,31,1,1,4.56,6,17,2,3.4,203
203,/225171,2,England,Ireland,AR White,KJ O'Brien,SJ Harmison,0,0,142,31,2,0,4.53,6,16,2,3.2,204
204,/225171,2,England,Ireland,AR White,KJ O'Brien,SJ Harmison,0,0,142,31,3,0,4.51,6,15,2,3.0,205
205,/225171,2,England,Ireland,AR White,KJ O'Brien,SJ Harmison,0,0,142,31,4,0,4.48,6,15,1,3.0,206
206,/225171,2,England,Ireland,AR White,KJ O'Brien,SJ Harmison,0,0,142,31,5,0,4.46,6,15,1,3.0,207
207,/225171,2,England,Ireland,AR White,KJ O'Brien,SJ Harmison,4,0,146,31,6,4,4.56,6,19,1,3.8,208
208,/225171,2,England,Ireland,KJ O'Brien,AR White,JWM Dalrymple,1,0,147,32,1,1,4.57,6,19,1,3.8,209
209,/225171,2,England,Ireland,AR White,KJ O'Brien,JWM Dalrymple,0,0,147,32,2,0,4.55,6,18,1,3.6,210
210,/225171,2,England,Ireland,AR White,KJ O'Brien,JWM Dalrymple,4,0,151,32,3,4,4.65,6,22,1,4.4,211
211,/225171,2,England,Ireland,AR White,KJ O'Brien,JWM Dalrymple,1,0,152,32,4,1,4.65,6,23,1,4.6,212
212,/225171,2,England,Ireland,KJ O'Brien,AR White,JWM Dalrymple,1,0,153,32,5,1,4.66,6,21,1,4.2,213
213,/225171,2,England,Ireland,AR White,KJ O'Brien,JWM Dalrymple,1,0,154,32,6,1,4.67,6,22,1,4.4,214
214,/225171,2,England,Ireland,AR White,KJ O'Brien,SI Mahmood,1,0,155,33,1,1,4.67,6,22,1,4.4,215
215,/225171,2,England,Ireland,KJ O'Brien,AR White,SI Mahmood,0,0,155,33,2,0,4.65,6,22,1,4.4,216
216,/225171,2,England,Ireland,KJ O'Brien,AR White,SI Mahmood,0,0,155,33,3,0,4.63,6,20,1,4.0,217
217,/225171,2,England,Ireland,KJ O'Brien,AR White,SI Mahmood,0,0,155,33,4,0,4.6,6,20,1,4.0,218
218,/225171,2,England,Ireland,KJ O'Brien,AR White,SI Mahmood,0,0,155,33,5,0,4.58,6,20,0,4.0,219
219,/225171,2,England,Ireland,KJ O'Brien,AR White,SI Mahmood,1,0,156,33,6,1,4.59,6,21,0,4.2,220
220,/225171,2,England,Ireland,KJ O'Brien,AR White,JWM Dalrymple,2,0,158,34,1,2,4.62,6,22,0,4.4,221
221,/225171,2,England,Ireland,KJ O'Brien,AR White,JWM Dalrymple,0,0,158,34,2,0,4.6,6,20,0,4.0,222
222,/225171,2,England,Ireland,KJ O'Brien,AR White,JWM Dalrymple,1,0,159,34,3,1,4.61,6,21,0,4.2,223
223,/225171,2,England,Ireland,AR White,KJ O'Brien,JWM Dalrymple,0,0,159,34,4,0,4.59,6,20,0,4.0,224
224,/225171,2,England,Ireland,AR White,KJ O'Brien,JWM Dalrymple,4,0,163,34,5,4,4.68,6,24,0,4.8,225
225,/225171,2,England,Ireland,AR White,KJ O'Brien,JWM Dalrymple,0,0,163,34,6,0,4.66,6,24,0,4.8,226
226,/225171,2,England,Ireland,KJ O'Brien,AR White,LE Plunkett,0,0,163,35,1,0,4.64,6,24,0,4.8,227
227,/225171,2,England,Ireland,KJ O'Brien,AR White,LE Plunkett,0,0,163,35,2,0,4.61,6,23,0,4.6,228
228,/225171,2,England,Ireland,KJ O'Brien,AR White,LE Plunkett,0,0,163,35,3,0,4.59,6,23,0,4.6,229
229,/225171,2,England,Ireland,KJ O'Brien,AR White,LE Plunkett,0,0,163,35,4,0,4.57,6,23,0,4.6,230
230,/225171,2,England,Ireland,KJ O'Brien,AR White,LE Plunkett,1,0,164,35,5,1,4.58,6,24,0,4.8,231
231,/225171,2,England,Ireland,AR White,KJ O'Brien,LE Plunkett,0,0,164,35,6,0,4.56,6,23,0,4.6,232
232,/225171,2,England,Ireland,KJ O'Brien,AR White,IR Bell,0,0,164,36,1,0,4.53,6,22,0,4.4,233
233,/225171,2,England,Ireland,KJ O'Brien,AR White,IR Bell,1,0,165,36,2,1,4.54,6,23,0,4.6,234
234,/225171,2,England,Ireland,AR White,KJ O'Brien,IR Bell,0,0,165,36,3,0,4.52,6,23,0,4.6,235
235,/225171,2,England,Ireland,AR White,KJ O'Brien,IR Bell,1,0,166,36,4,1,4.53,6,24,0,4.8,236
236,/225171,2,England,Ireland,KJ O'Brien,AR White,IR Bell,0,0,166,36,5,0,4.51,6,24,0,4.8,237
237,/225171,2,England,Ireland,KJ O'Brien,AR White,IR Bell,0,0,166,36,6,0,4.49,6,20,0,4.0,238
238,/225171,2,England,Ireland,AR White,KJ O'Brien,LE Plunkett,1,0,167,37,1,1,4.49,6,20,0,4.0,239
239,/225171,2,England,Ireland,KJ O'Brien,AR White,LE Plunkett,2,0,169,37,2,2,4.53,6,22,0,4.4,240
240,/225171,2,England,Ireland,KJ O'Brien,AR White,LE Plunkett,4,0,173,37,3,4,4.61,6,22,0,4.4,241
241,/225171,2,England,Ireland,KJ O'Brien,AR White,LE Plunkett,1,0,174,37,4,1,4.62,6,22,0,4.4,242
242,/225171,2,England,Ireland,AR White,KJ O'Brien,LE Plunkett,0,0,174,37,5,0,4.6,6,21,0,4.2,243
243,/225171,2,England,Ireland,AR White,KJ O'Brien,LE Plunkett,0,1,175,37,6,1,4.61,6,21,0,4.2,244
244,/225171,2,England,Ireland,AR White,KJ O'Brien,IR Bell,4,0,179,38,1,4,4.69,6,24,0,4.8,245
245,/225171,2,England,Ireland,AR White,KJ O'Brien,IR Bell,1,0,180,38,2,1,4.7,6,25,0,5.0,246
246,/225171,2,England,Ireland,KJ O'Brien,AR White,IR Bell,0,0,180,38,3,0,4.68,6,25,0,5.0,247
247,/225171,2,England,Ireland,KJ O'Brien,AR White,IR Bell,1,0,181,38,4,1,4.68,6,26,0,5.2,248
248,/225171,2,England,Ireland,AR White,KJ O'Brien,IR Bell,1,0,182,38,5,1,4.69,6,27,0,5.4,249
249,/225171,2,England,Ireland,KJ O'Brien,AR White,IR Bell,1,0,183,38,6,1,4.69,6,27,0,5.4,250
250,/225171,2,England,Ireland,KJ O'Brien,AR White,JWM Dalrymple,0,0,183,39,1,0,4.67,6,25,0,5.0,251
251,/225171,2,England,Ireland,KJ O'Brien,AR White,JWM Dalrymple,1,0,184,39,2,1,4.68,6,26,0,5.2,252
252,/225171,2,England,Ireland,AR White,KJ O'Brien,JWM Dalrymple,1,0,185,39,3,1,4.68,6,26,0,5.2,253
253,/225171,2,England,Ireland,KJ O'Brien,AR White,JWM Dalrymple,0,0,185,39,4,0,4.66,6,26,0,5.2,254
254,/225171,2,England,Ireland,KJ O'Brien,AR White,JWM Dalrymple,0,0,185,39,5,0,4.64,6,22,0,4.4,255
255,/225171,2,England,Ireland,KJ O'Brien,AR White,JWM Dalrymple,0,0,185,39,6,0,4.62,6,22,0,4.4,256
256,/225171,2,England,Ireland,AR White,KJ O'Brien,IR Bell,1,0,186,40,1,1,4.63,6,23,0,4.6,257
257,/225171,2,England,Ireland,KJ O'Brien,AR White,IR Bell,4,0,190,40,2,4,4.71,6,27,0,5.4,258
258,/225171,2,England,Ireland,KJ O'Brien,AR White,IR Bell,1,0,191,40,3,1,4.72,6,28,0,5.6,259
259,/225171,2,England,Ireland,AR White,KJ O'Brien,IR Bell,1,0,192,40,4,1,4.72,6,29,0,5.8,260
260,/225171,2,England,Ireland,KJ O'Brien,AR White,IR Bell,1,0,193,40,5,1,4.73,6,29,0,5.8,261
261,/225171,2,England,Ireland,AR White,KJ O'Brien,IR Bell,2,1,196,40,6,3,4.78,6,32,0,6.4,262
262,/225171,2,England,Ireland,AR White,KJ O'Brien,IR Bell,4,0,200,40,7,4,4.86,6,36,0,7.2,263
263,/225171,2,England,Ireland,KJ O'Brien,AR White,JWM Dalrymple,1,0,201,41,1,1,4.88,6,36,0,7.2,264
264,/225171,2,England,Ireland,AR White,KJ O'Brien,JWM Dalrymple,0,0,201,41,2,0,4.86,6,36,0,7.2,265
265,/225171,2,England,Ireland,AR White,KJ O'Brien,JWM Dalrymple,1,0,202,41,3,1,4.87,6,36,0,7.2,266
266,/225171,2,England,Ireland,KJ O'Brien,AR White,JWM Dalrymple,4,0,206,41,4,4,4.94,6,40,0,8.0,267
267,/225171,2,England,Ireland,KJ O'Brien,AR White,JWM Dalrymple,0,0,206,41,5,0,4.92,6,40,0,8.0,268
268,/225171,2,England,Ireland,KJ O'Brien,AR White,JWM Dalrymple,1,0,207,41,6,1,4.93,6,40,0,8.0,269
269,/225171,2,England,Ireland,KJ O'Brien,AR White,IR Bell,1,0,208,42,1,1,4.93,6,39,0,7.8,270
270,/225171,2,England,Ireland,AR White,KJ O'Brien,IR Bell,0,0,208,42,2,0,4.91,6,35,0,7.0,271
271,/225171,2,England,Ireland,AR White,KJ O'Brien,IR Bell,1,0,209,42,3,1,4.92,6,35,0,7.0,272
272,/225171,2,England,Ireland,KJ O'Brien,AR White,IR Bell,0,0,209,42,4,0,4.9,7,35,1,7.0,273
273,/225171,2,England,Ireland,D Langford-Smith,AR White,IR Bell,1,0,210,42,5,1,4.9,7,35,1,7.0,274
274,/225171,2,England,Ireland,AR White,D Langford-Smith,IR Bell,0,0,210,42,6,0,4.88,8,31,2,6.2,275
275,/225171,2,England,Ireland,D Langford-Smith,JF Mooney,JWM Dalrymple,0,0,210,43,1,0,4.86,8,30,2,6.0,276
276,/225171,2,England,Ireland,D Langford-Smith,JF Mooney,JWM Dalrymple,0,0,210,43,2,0,4.85,8,30,2,6.0,277
277,/225171,2,England,Ireland,D Langford-Smith,JF Mooney,JWM Dalrymple,2,0,212,43,3,2,4.87,8,31,2,6.2,278
278,/225171,2,England,Ireland,D Langford-Smith,JF Mooney,JWM Dalrymple,1,0,213,43,4,1,4.88,8,31,2,6.2,279
279,/225171,2,England,Ireland,JF Mooney,D Langford-Smith,JWM Dalrymple,0,0,213,43,5,0,4.86,8,30,2,6.0,280
280,/225171,2,England,Ireland,JF Mooney,D Langford-Smith,JWM Dalrymple,1,0,214,43,6,1,4.86,8,31,2,6.2,281
281,/225171,2,England,Ireland,JF Mooney,D Langford-Smith,IR Bell,0,0,214,44,1,0,4.85,8,30,2,6.0,282
282,/225171,2,England,Ireland,JF Mooney,D Langford-Smith,IR Bell,0,0,214,44,2,0,4.83,8,29,2,5.8,283
283,/225171,2,England,Ireland,JF Mooney,D Langford-Smith,IR Bell,0,0,214,44,3,0,4.81,8,29,2,5.8,284
284,/225171,2,England,Ireland,JF Mooney,D Langford-Smith,IR Bell,1,0,215,44,4,1,4.81,8,30,2,6.0,285
285,/225171,2,England,Ireland,D Langford-Smith,JF Mooney,IR Bell,1,1,217,44,5,2,4.84,8,32,2,6.4,286
286,/225171,2,England,Ireland,JF Mooney,D Langford-Smith,IR Bell,6,0,223,44,6,6,4.96,8,37,2,7.4,287
287,/225171,2,England,Ireland,JF Mooney,D Langford-Smith,IR Bell,2,0,225,44,7,2,4.98,8,35,2,7.0,288
288,/225171,2,England,Ireland,D Langford-Smith,JF Mooney,JWM Dalrymple,1,0,226,45,1,1,5.0,8,35,2,7.0,289
289,/225171,2,England,Ireland,JF Mooney,D Langford-Smith,JWM Dalrymple,3,0,229,45,2,3,5.05,8,37,2,7.4,290
290,/225171,2,England,Ireland,D Langford-Smith,JF Mooney,JWM Dalrymple,2,0,231,45,3,2,5.08,8,38,2,7.6,291
291,/225171,2,England,Ireland,D Langford-Smith,JF Mooney,JWM Dalrymple,2,0,233,45,4,2,5.1,8,37,2,7.4,292
292,/225171,2,England,Ireland,D Langford-Smith,JF Mooney,JWM Dalrymple,2,0,235,45,5,2,5.13,8,35,2,7.0,293
293,/225171,2,England,Ireland,D Langford-Smith,JF Mooney,JWM Dalrymple,0,0,235,45,6,0,5.11,9,34,3,6.8,294
294,/225171,2,England,Ireland,JF Mooney,PJK Mooney,LE Plunkett,0,0,235,46,1,0,5.09,9,34,3,6.8,295
295,/225171,2,England,Ireland,JF Mooney,PJK Mooney,LE Plunkett,2,0,237,46,2,2,5.12,9,35,3,7.0,296
296,/225171,2,England,Ireland,JF Mooney,PJK Mooney,LE Plunkett,4,0,241,46,3,4,5.18,9,35,3,7.0,297
297,/225171,2,England,Ireland,JF Mooney,PJK Mooney,LE Plunkett,1,0,242,46,4,1,5.19,9,36,3,7.2,298
298,/225171,2,England,Ireland,PJK Mooney,JF Mooney,LE Plunkett,2,0,244,46,5,2,5.21,9,37,3,7.4,299
299,/225171,2,England,Ireland,PJK Mooney,JF Mooney,LE Plunkett,1,0,245,46,6,1,5.21,9,37,3,7.4,300
300,/225171,2,England,Ireland,PJK Mooney,JF Mooney,SJ Harmison,1,0,246,47,1,1,5.22,9,38,3,7.6,301
301,/225171,2,England,Ireland,JF Mooney,PJK Mooney,SJ Harmison,0,0,246,47,2,0,5.2,9,37,3,7.4,302
302,/225171,2,England,Ireland,JF Mooney,PJK Mooney,SJ Harmison,0,0,246,47,3,0,5.18,9,37,2,7.4,303
303,/225171,2,England,Ireland,JF Mooney,PJK Mooney,SJ Harmison,1,0,247,47,4,1,5.18,9,37,2,7.4,304
304,/225171,2,England,Ireland,PJK Mooney,JF Mooney,SJ Harmison,1,0,248,47,5,1,5.18,9,38,1,7.6,305
305,/225171,2,England,Ireland,JF Mooney,PJK Mooney,SJ Harmison,1,0,249,47,6,1,5.19,9,39,1,7.8,306
306,/225171,2,England,Ireland,JF Mooney,PJK Mooney,LE Plunkett,0,0,249,48,1,0,5.17,9,39,1,7.8,307
307,/225171,2,England,Ireland,JF Mooney,PJK Mooney,LE Plunkett,0,0,249,48,2,0,5.15,9,37,1,7.4,308
308,/225171,2,England,Ireland,JF Mooney,PJK Mooney,LE Plunkett,2,0,251,48,3,2,5.18,9,38,1,7.6,309
309,/225171,2,England,Ireland,JF Mooney,PJK Mooney,LE Plunkett,1,0,252,48,4,1,5.18,9,39,1,7.8,310
310,/225171,2,England,Ireland,PJK Mooney,JF Mooney,LE Plunkett,1,0,253,48,5,1,5.18,9,39,1,7.8,311
311,/225171,2,England,Ireland,JF Mooney,PJK Mooney,LE Plunkett,1,0,254,48,6,1,5.18,9,40,1,8.0,312
312,/225171,2,England,Ireland,JF Mooney,PJK Mooney,SJ Harmison,1,0,255,49,1,1,5.19,9,41,1,8.2,313
313,/225171,2,England,Ireland,PJK Mooney,JF Mooney,SJ Harmison,4,0,259,49,2,4,5.25,9,45,1,9.0,314
314,/225171,2,England,Ireland,PJK Mooney,JF Mooney,SJ Harmison,1,0,260,49,3,1,5.25,9,45,1,9.0,315
