MatchID,Team1,Team2,Winner,Margin,Location,Year
1,Bangladesh,Sri Lanka,Sri Lanka,7 wickets,Dhaka,2010
2,India,Sri Lanka,Sri Lanka,5 wickets,Dhaka,2010
3,Bangladesh,India,India,6 wickets,Dhaka,2010
4,Bangladesh,Sri Lanka,Sri Lanka,9 wickets,Dhaka,2010
5,India,Sri Lanka,India,8 wickets,Dhaka,2010
6,Bangladesh,India,India,6 wickets,Dhaka,2010
7,India,Sri Lanka,Sri Lanka,4 wickets,Dhaka,2010
8,Australia,Pakistan,Australia,5 wickets,Brisbane,2010
9,Australia,Pakistan,Australia,140 runs,Sydney,2010
10,Australia,Pakistan,Australia,40 runs,Adelaide,2010
11,Australia,Pakistan,Australia,135 runs,Perth,2010
12,Australia,Pakistan,Australia,2 wickets,Perth,2010
13,New Zealand,Bangladesh,New Zealand,146 runs,Napier,2010
14,Australia,West Indies,Australia,113 runs,Melbourne,2010
15,New Zealand,Bangladesh,New Zealand,5 wickets,Dunedin,2010
16,Australia,West Indies,Australia,8 wickets,Adelaide,2010
17,New Zealand,Bangladesh,New Zealand,3 wickets,Christchurch,2010
18,Australia,West Indies,no result,,Sydney,2010
19,Australia,West Indies,Australia,50 runs,Brisbane,2010
20,Kenya,Netherlands,Kenya,6 wickets,Nairobi (Gym),2010
21,Afghanistan,Canada,Afghanistan,1 run,Sharjah,2010
22,Kenya,Netherlands,Netherlands,80 runs,Nairobi (Gym),2010
23,Afghanistan,Canada,Canada,4 wickets,Sharjah,2010
24,Australia,West Indies,Australia,125 runs,Melbourne,2010
25,India,South Africa,India,1 run,Jaipur,2010
26,India,South Africa,India,153 runs,Gwalior,2010
27,India,South Africa,South Africa,90 runs,Ahmedabad,2010
28,Bangladesh,England,England,6 wickets,Dhaka,2010
29,Bangladesh,England,England,2 wickets,Dhaka,2010
30,New Zealand,Australia,New Zealand,2 wickets,Napier,2010
31,West Indies,Zimbabwe,Zimbabwe,2 runs,Providence,2010
32,Bangladesh,England,England,45 runs,Chittagong,2010
33,New Zealand,Australia,Australia,12 runs,Auckland,2010
34,West Indies,Zimbabwe,West Indies,4 wickets,Providence,2010
35,New Zealand,Australia,Australia,6 wickets,Hamilton,2010
36,West Indies,Zimbabwe,West Indies,141 runs,Kingstown,2010
37,New Zealand,Australia,Australia,6 wickets,Auckland,2010
38,West Indies,Zimbabwe,West Indies,4 wickets,Kingstown,2010
39,New Zealand,Australia,New Zealand,51 runs,Wellington,2010
40,West Indies,Zimbabwe,West Indies,4 wickets,Kingstown,2010
41,West Indies,Canada,West Indies,208 runs,Kingston,2010
42,West Indies,Ireland,West Indies,6 wickets,Kingston,2010
43,West Indies,South Africa,South Africa,66 runs,North Sound,2010
44,West Indies,South Africa,South Africa,17 runs,North Sound,2010
45,Zimbabwe,India,Zimbabwe,6 wickets,Bulawayo,2010
46,West Indies,South Africa,South Africa,67 runs,Roseau,2010
47,India,Sri Lanka,India,7 wickets,Bulawayo,2010
48,West Indies,South Africa,South Africa,7 wickets,Roseau,2010
49,Zimbabwe,Sri Lanka,Sri Lanka,9 wickets,Bulawayo,2010
50,Zimbabwe,India,Zimbabwe,7 wickets,Harare,2010
51,West Indies,South Africa,South Africa,1 wicket,Port of Spain,2010
52,India,Sri Lanka,Sri Lanka,6 wickets,Harare,2010
53,Zimbabwe,Sri Lanka,Zimbabwe,8 wickets,Harare,2010
54,Zimbabwe,Sri Lanka,Sri Lanka,9 wickets,Harare,2010
55,Sri Lanka,Pakistan,Sri Lanka,16 runs,Dambulla,2010
56,Netherlands,Scotland,Netherlands,6 wickets,Rotterdam,2010
57,Bangladesh,India,India,6 wickets,Dambulla,2010
58,Ireland,Australia,Australia,39 runs,Dublin,2010
59,Sri Lanka,Bangladesh,Sri Lanka,126 runs,Dambulla,2010
60,India,Pakistan,India,3 wickets,Dambulla,2010
61,Scotland,England,England,7 wickets,Edinburgh,2010
62,Bangladesh,Pakistan,Pakistan,139 runs,Dambulla,2010
63,Sri Lanka,India,Sri Lanka,7 wickets,Dambulla,2010
64,England,Australia,England,4 wickets,Southampton,2010
65,Sri Lanka,India,India,81 runs,Dambulla,2010
66,England,Australia,England,4 wickets,Cardiff,2010
67,England,Australia,England,1 wicket,Manchester,2010
68,England,Australia,Australia,78 runs,The Oval,2010
69,Afghanistan,Canada,Afghanistan,6 wickets,The Hague,2010
70,Ireland,Kenya,Ireland,7 wickets,Rotterdam,2010
71,Netherlands,Scotland,Scotland,1 wicket,Amstelveen,2010
72,Afghanistan,Ireland,Ireland,39 runs,Rotterdam,2010
73,Canada,Scotland,Scotland,69 runs,Amstelveen,2010
74,Netherlands,Kenya,Netherlands,117 runs,The Hague,2010
75,England,Australia,Australia,42 runs,Lord's,2010
76,Afghanistan,Kenya,Afghanistan,1 wicket,Amstelveen,2010
77,Ireland,Scotland,Ireland,5 wickets,The Hague,2010
78,Netherlands,Canada,Netherlands,7 wickets,Rotterdam,2010
79,Canada,Ireland,Ireland,5 wickets,Amstelveen,2010
80,Kenya,Scotland,Scotland,6 runs,Rotterdam,2010
81,Netherlands,Afghanistan,Afghanistan,6 wickets,The Hague,2010
82,England,Bangladesh,England,6 wickets,Nottingham,2010
83,Afghanistan,Scotland,Scotland,2 wickets,Rotterdam,2010
84,Canada,Kenya,Canada,6 wickets,Schiedam,2010
85,Netherlands,Ireland,Ireland,39 runs,Amstelveen,2010
86,Canada,Kenya,Canada,3 wickets,Schiedam,2010
87,Ireland,Scotland,Ireland,6 wickets,Amstelveen,2010
88,Netherlands,Afghanistan,Afghanistan,5 wickets,Rotterdam,2010
89,England,Bangladesh,Bangladesh,5 runs,Bristol,2010
90,England,Bangladesh,England,144 runs,Birmingham,2010
91,Ireland,Bangladesh,Ireland,7 wickets,Belfast,2010
92,Ireland,Bangladesh,Bangladesh,6 wickets,Belfast,2010
93,Bangladesh,Netherlands,Netherlands,6 wickets,Glasgow,2010
94,India,New Zealand,New Zealand,200 runs,Dambulla,2010
95,Sri Lanka,New Zealand,Sri Lanka,3 wickets,Dambulla,2010
96,Sri Lanka,India,India,6 wickets,Dambulla,2010
97,Scotland,Afghanistan,Afghanistan,9 wickets,Ayr,2010
98,Ireland,Netherlands,Ireland,70 runs,Dublin,2010
99,Scotland,Afghanistan,Scotland,6 wickets,Ayr,2010
100,Ireland,Netherlands,Ireland,9 wickets,Dublin,2010
101,Sri Lanka,New Zealand,no result,,Dambulla,#VALUE!
102,Sri Lanka,India,Sri Lanka,8 wickets,Dambulla,2010
103,India,New Zealand,India,105 runs,Dambulla,2010
104,Sri Lanka,India,Sri Lanka,74 runs,Dambulla,2010
105,Canada,Ireland,Canada,4 runs,Toronto,2010
106,Canada,Ireland,Ireland,92 runs,Toronto,2010
107,England,Pakistan,England,24 runs,Chester-le-Street,2010
108,England,Pakistan,England,4 wickets,Leeds,2010
109,England,Pakistan,Pakistan,23 runs,The Oval,2010
110,England,Pakistan,Pakistan,38 runs,Lord's,2010
111,England,Pakistan,England,121 runs,Southampton,2010
112,Zimbabwe,Ireland,Zimbabwe,2 wickets,Harare,2010
113,Zimbabwe,Ireland,Zimbabwe,3 wickets,Harare,2010
114,Zimbabwe,Ireland,Ireland,20 runs,Harare,2010
115,Bangladesh,New Zealand,Bangladesh,9 runs,Dhaka,2010
116,Kenya,Afghanistan,Kenya,92 runs,Nairobi (Gym),2010
117,Kenya,Afghanistan,Afghanistan,6 wickets,Nairobi (Gym),2010
118,Bangladesh,New Zealand,Bangladesh,7 wickets,Dhaka,2010
119,Kenya,Afghanistan,Kenya,8 wickets,Nairobi (Gym),2010
120,Bangladesh,New Zealand,Bangladesh,9 runs,Dhaka,2010
121,South Africa,Zimbabwe,South Africa,64 runs,Bloemfontein,2010
122,Bangladesh,New Zealand,Bangladesh,3 runs,Dhaka,2010
123,South Africa,Zimbabwe,South Africa,8 wickets,Potchefstroom,2010
124,India,Australia,India,5 wickets,Visakhapatnam,2010
125,South Africa,Zimbabwe,South Africa,272 runs,Benoni,2010
126,Pakistan,South Africa,South Africa,8 wickets,Abu Dhabi,2010
127,Pakistan,South Africa,Pakistan,1 wicket,Abu Dhabi,2010
128,Pakistan,South Africa,South Africa,2 runs,Dubai (DSC),2010
129,Australia,Sri Lanka,Sri Lanka,1 wicket,Melbourne,2010
130,Australia,Sri Lanka,Sri Lanka,29 runs,Sydney,2010
131,Pakistan,South Africa,Pakistan,1 wicket,Dubai (DSC),2010
132,Australia,Sri Lanka,Australia,8 wickets,Brisbane,2010
133,Pakistan,South Africa,South Africa,57 runs,Dubai (DSC),2010
134,India,New Zealand,India,40 runs,Guwahati,2010
135,Bangladesh,Zimbabwe,Zimbabwe,9 runs,Dhaka,2010
136,India,New Zealand,India,8 wickets,Jaipur,2010
137,Bangladesh,Zimbabwe,Bangladesh,6 wickets,Dhaka,2010
138,India,New Zealand,India,9 wickets,Vadodara,2010
139,Bangladesh,Zimbabwe,Bangladesh,65 runs,Dhaka,2010
140,India,New Zealand,India,5 wickets,Bengaluru,2010
141,India,New Zealand,India,8 wickets,Chennai,2010
142,Bangladesh,Zimbabwe,Bangladesh,6 wickets,Chittagong,2010
143,South Africa,India,South Africa,135 runs,Durban,2011
144,South Africa,India,India,1 run,Johannesburg,2011
145,Australia,England,Australia,6 wickets,Melbourne,2011
146,South Africa,India,India,2 wickets,Cape Town,2011
147,Australia,England,Australia,46 runs,Hobart,2011
148,South Africa,India,South Africa,48 runs,Port Elizabeth,2011
149,New Zealand,Pakistan,New Zealand,9 wickets,Wellington,2011
150,Australia,England,Australia,4 wickets,Sydney,2011
151,South Africa,India,South Africa,33 runs,Centurion,2011
152,New Zealand,Pakistan,no result,,Queenstown,2011
153,Australia,England,England,21 runs,Adelaide,2011
154,New Zealand,Pakistan,Pakistan,43 runs,Christchurch,2011
155,Australia,England,Australia,51 runs,Brisbane,2011
156,Sri Lanka,West Indies,no result,,Colombo (SSC),2011
157,New Zealand,Pakistan,Pakistan,2 wickets,Napier,2011
158,Australia,England,Australia,2 wickets,Sydney,2011
159,New Zealand,Pakistan,Pakistan,41 runs,Hamilton,2011
160,Sri Lanka,West Indies,Sri Lanka,8 wickets,Colombo (SSC),2011
161,New Zealand,Pakistan,New Zealand,57 runs,Auckland,2011
162,Australia,England,Australia,57 runs,Perth,2011
163,Sri Lanka,West Indies,Sri Lanka,26 runs,Colombo (SSC),2011
164,Bangladesh,India,India,87 runs,Dhaka,2011
165,Kenya,New Zealand,New Zealand,10 wickets,Chennai,2011
166,Sri Lanka,Canada,Sri Lanka,210 runs,Hambantota,2011
167,Australia,Zimbabwe,Australia,91 runs,Ahmedabad,2011
168,England,Netherlands,England,6 wickets,Nagpur,2011
169,Kenya,Pakistan,Pakistan,205 runs,Hambantota,2011
170,South Africa,West Indies,South Africa,7 wickets,Delhi,2011
171,Australia,New Zealand,Australia,7 wickets,Nagpur,2011
172,Bangladesh,Ireland,Bangladesh,27 runs,Dhaka,2011
173,Sri Lanka,Pakistan,Pakistan,11 runs,Colombo (RPS),2011
174,India,England,tied,,Bengaluru,2011
175,Canada,Zimbabwe,Zimbabwe,175 runs,Nagpur,2011
176,Netherlands,West Indies,West Indies,215 runs,Delhi,2011
177,Sri Lanka,Kenya,Sri Lanka,9 wickets,Colombo (RPS),2011
178,England,Ireland,Ireland,3 wickets,Bengaluru,2011
179,Netherlands,South Africa,South Africa,231 runs,Mohali,2011
180,Canada,Pakistan,Pakistan,46 runs,Colombo (RPS),2011
181,New Zealand,Zimbabwe,New Zealand,10 wickets,Ahmedabad,2011
182,Bangladesh,West Indies,West Indies,9 wickets,Dhaka,2011
183,Sri Lanka,Australia,no result,,Colombo (RPS),2011
184,England,South Africa,England,6 runs,Chennai,2011
185,India,Ireland,India,5 wickets,Bengaluru,2011
186,Canada,Kenya,Canada,5 wickets,Delhi,2011
187,New Zealand,Pakistan,New Zealand,110 runs,Pallekele,2011
188,India,Netherlands,India,5 wickets,Delhi,2011
189,Sri Lanka,Zimbabwe,Sri Lanka,139 runs,Pallekele,2011
190,Ireland,West Indies,West Indies,44 runs,Mohali,2011
191,Bangladesh,England,Bangladesh,2 wickets,Chittagong,2011
192,India,South Africa,South Africa,3 wickets,Nagpur,2011
193,Canada,New Zealand,New Zealand,97 runs,Mumbai,2011
194,Australia,Kenya,Australia,60 runs,Bengaluru,2011
195,Bangladesh,Netherlands,Bangladesh,6 wickets,Chittagong,2011
196,Pakistan,Zimbabwe,Pakistan,7 wickets,Pallekele,2011
197,Ireland,South Africa,South Africa,131 runs,Kolkata,2011
198,Australia,Canada,Australia,7 wickets,Bengaluru,2011
199,England,West Indies,England,18 runs,Chennai,2011
200,Ireland,Netherlands,Ireland,6 wickets,Kolkata,2011
201,New Zealand,Sri Lanka,Sri Lanka,112 runs,Mumbai,2011
202,Bangladesh,South Africa,South Africa,206 runs,Dhaka,2011
203,Australia,Pakistan,Pakistan,4 wickets,Colombo (RPS),2011
204,Kenya,Zimbabwe,Zimbabwe,161 runs,Kolkata,2011
205,India,West Indies,India,80 runs,Chennai,2011
206,Pakistan,West Indies,Pakistan,10 wickets,Dhaka,2011
207,India,Australia,India,5 wickets,Ahmedabad,2011
208,New Zealand,South Africa,New Zealand,49 runs,Dhaka,2011
209,Sri Lanka,England,Sri Lanka,10 wickets,Colombo (RPS),2011
210,Sri Lanka,New Zealand,Sri Lanka,5 wickets,Colombo (RPS),2011
211,India,Pakistan,India,29 runs,Mohali,2011
212,India,Sri Lanka,India,6 wickets,Mumbai,2011
213,Bangladesh,Australia,Australia,60 runs,Dhaka,2011
214,Bangladesh,Australia,Australia,9 wickets,Dhaka,2011
215,Bangladesh,Australia,Australia,66 runs,Dhaka,2011
216,West Indies,Pakistan,Pakistan,8 wickets,Gros Islet,2011
217,West Indies,Pakistan,Pakistan,7 wickets,Gros Islet,2011
218,West Indies,Pakistan,Pakistan,3 wickets,Bridgetown,2011
219,West Indies,Pakistan,West Indies,1 run,Bridgetown,2011
220,West Indies,Pakistan,West Indies,10 wickets,Providence,2011
221,Ireland,Pakistan,Pakistan,7 wickets,Belfast,2011
222,Ireland,Pakistan,Pakistan,5 wickets,Belfast,2011
223,West Indies,India,India,4 wickets,Port of Spain,2011
224,West Indies,India,India,7 wickets,Port of Spain,2011
225,West Indies,India,India,3 wickets,North Sound,2011
226,West Indies,India,West Indies,103 runs,North Sound,2011
227,West Indies,India,West Indies,7 wickets,Kingston,2011
228,Scotland,Netherlands,Scotland,15 runs,Aberdeen,2011
229,England,Sri Lanka,England,110 runs,The Oval,2011
230,Scotland,Netherlands,Scotland,5 wickets,Aberdeen,2011
231,England,Sri Lanka,Sri Lanka,69 runs,Leeds,2011
232,England,Sri Lanka,Sri Lanka,6 wickets,Lord's,2011
233,England,Sri Lanka,England,10 wickets,Nottingham,2011
234,England,Sri Lanka,England,16 runs,Manchester,2011
235,Scotland,Ireland,Scotland,5 wickets,Edinburgh,2011
236,Scotland,Sri Lanka,Sri Lanka,183 runs,Edinburgh,2011
237,Canada,Afghanistan,Afghanistan,2 wickets,King City (NW),2011
238,Canada,Afghanistan,Afghanistan,17 runs,Toronto,2011
239,Sri Lanka,Australia,Australia,7 wickets,Pallekele,2011
240,Zimbabwe,Bangladesh,Zimbabwe,4 wickets,Harare,2011
241,Zimbabwe,Bangladesh,Zimbabwe,7 wickets,Harare,2011
242,Sri Lanka,Australia,Australia,8 wickets,Hambantota,2011
243,Zimbabwe,Bangladesh,Zimbabwe,5 runs,Harare,2011
244,Sri Lanka,Australia,Sri Lanka,78 runs,Hambantota,2011
245,Zimbabwe,Bangladesh,Bangladesh,6 wickets,Bulawayo,2011
246,Sri Lanka,Australia,Australia,5 wickets,Colombo (RPS),2011
247,Zimbabwe,Bangladesh,Bangladesh,93 runs,Bulawayo,2011
248,Sri Lanka,Australia,Sri Lanka,4 wickets,Colombo (RPS),2011
249,Ireland,England,England,11 runs,Dublin,2011
250,England,India,no result,,Chester-le-Street,2011
251,England,India,England,7 wickets,Southampton,2011
252,Zimbabwe,Pakistan,Pakistan,5 runs,Bulawayo,2011
253,England,India,England,3 wickets,The Oval,2011
254,Zimbabwe,Pakistan,Pakistan,10 wickets,Harare,2011
255,England,India,tied,,Lord's,2011
256,Netherlands,Kenya,Netherlands,2 wickets,The Hague,2011
257,Netherlands,Kenya,Netherlands,4 wickets,The Hague,2011
258,Zimbabwe,Pakistan,Pakistan,28 runs,Harare,2011
259,England,India,England,6 wickets,Cardiff,2011
260,Ireland,Canada,Ireland,133 runs,Dublin,2011
261,Ireland,Canada,Ireland,56 runs,Dublin,2011
262,Bangladesh,West Indies,West Indies,40 runs,Dhaka,2011
263,India,England,India,126 runs,Hyderabad (Deccan),2011
264,Bangladesh,West Indies,West Indies,8 wickets,Dhaka,2011
265,India,England,India,8 wickets,Delhi,2011
266,Bangladesh,West Indies,Bangladesh,8 wickets,Chittagong,2011
267,South Africa,Australia,Australia,93 runs,Centurion,2011
268,Zimbabwe,New Zealand,New Zealand,9 wickets,Harare,2011
269,India,England,India,5 wickets,Mohali,2011
270,Zimbabwe,New Zealand,New Zealand,4 wickets,Harare,2011
271,India,England,India,6 wickets,Mumbai,2011
272,South Africa,Australia,South Africa,80 runs,Port Elizabeth,2011
273,Zimbabwe,New Zealand,Zimbabwe,1 wicket,Bulawayo,2011
274,India,England,India,95 runs,Kolkata,2011
275,South Africa,Australia,Australia,3 wickets,Durban,2011
276,Pakistan,Sri Lanka,Pakistan,8 wickets,Dubai (DSC),2011
277,Pakistan,Sri Lanka,Sri Lanka,25 runs,Dubai (DSC),2011
278,Pakistan,Sri Lanka,Pakistan,21 runs,Dubai (DSC),2011
279,Pakistan,Sri Lanka,Pakistan,26 runs,Sharjah,2011
280,Pakistan,Sri Lanka,Pakistan,3 wickets,Abu Dhabi,2011
281,India,West Indies,India,1 wicket,Cuttack,2011
282,Bangladesh,Pakistan,Pakistan,5 wickets,Dhaka,2011
283,India,West Indies,India,5 wickets,Visakhapatnam,2011
284,Bangladesh,Pakistan,Pakistan,76 runs,Dhaka,2011
285,India,West Indies,West Indies,16 runs,Ahmedabad,2011
286,Bangladesh,Pakistan,Pakistan,58 runs,Chittagong,2011
287,India,West Indies,India,153 runs,Indore,2011
288,India,West Indies,India,34 runs,Chennai,2011
289,South Africa,Sri Lanka,South Africa,258 runs,Paarl,2012
290,South Africa,Sri Lanka,South Africa,5 wickets,East London,2012
291,South Africa,Sri Lanka,South Africa,4 runs,Bloemfontein,2012
292,South Africa,Sri Lanka,Sri Lanka,5 wickets,Kimberley,2012
293,South Africa,Sri Lanka,Sri Lanka,2 wickets,Johannesburg,2012
294,New Zealand,Zimbabwe,New Zealand,90 runs,Dunedin,2012
295,Australia,India,Australia,65 runs,Melbourne,2012
296,New Zealand,Zimbabwe,New Zealand,141 runs,Whangarei,2012
297,India,Sri Lanka,India,4 wickets,Perth,2012
298,New Zealand,Zimbabwe,New Zealand,202 runs,Napier,2012
299,Australia,Sri Lanka,Australia,5 runs,Perth,2012
300,Afghanistan,Pakistan,Pakistan,7 wickets,Sharjah,2012
301,Australia,India,India,4 wickets,Adelaide,2012
302,England,Pakistan,England,130 runs,Abu Dhabi,2012
303,India,Sri Lanka,tied,,Adelaide,2012
304,England,Pakistan,England,20 runs,Abu Dhabi,2012
305,Australia,Sri Lanka,Sri Lanka,8 wickets,Sydney,2012
306,Kenya,Ireland,Kenya,7 wickets,Mombasa,2012
307,England,Pakistan,England,9 wickets,Dubai (DSC),2012
308,Australia,India,Australia,110 runs,Brisbane,2012
309,Kenya,Ireland,Ireland,117 runs,Mombasa,2012
310,India,Sri Lanka,Sri Lanka,51 runs,Brisbane,2012
311,England,Pakistan,England,4 wickets,Dubai (DSC),2012
312,Australia,Sri Lanka,Sri Lanka,3 wickets,Hobart,2012
313,New Zealand,South Africa,South Africa,6 wickets,Wellington,2012
314,Australia,India,Australia,87 runs,Sydney,2012
315,India,Sri Lanka,India,7 wickets,Hobart,2012
316,New Zealand,South Africa,South Africa,6 wickets,Napier,2012
317,Australia,Sri Lanka,Sri Lanka,9 runs,Melbourne,2012
318,New Zealand,South Africa,South Africa,5 wickets,Auckland,2012
319,Australia,Sri Lanka,Australia,15 runs,Brisbane,2012
320,Australia,Sri Lanka,Sri Lanka,8 wickets,Adelaide,2012
321,Australia,Sri Lanka,Australia,16 runs,Adelaide,2012
322,Bangladesh,Pakistan,Pakistan,21 runs,Dhaka,2012
323,India,Sri Lanka,India,50 runs,Dhaka,2012
324,Pakistan,Sri Lanka,Pakistan,6 wickets,Dhaka,2012
325,Bangladesh,India,Bangladesh,5 wickets,Dhaka,2012
326,West Indies,Australia,Australia,64 runs,Kingstown,2012
327,India,Pakistan,India,6 wickets,Dhaka,2012
328,West Indies,Australia,West Indies,5 wickets,Kingstown,2012
329,Bangladesh,Sri Lanka,Bangladesh,5 wickets,Dhaka,2012
330,West Indies,Australia,tied,,Kingstown,2012
331,Bangladesh,Pakistan,Pakistan,2 runs,Dhaka,2012
332,West Indies,Australia,West Indies,42 runs,Gros Islet,2012
333,West Indies,Australia,Australia,30 runs,Gros Islet,2012
334,Afghanistan,Netherlands,Netherlands,9 wickets,Sharjah,2012
335,Afghanistan,Netherlands,Afghanistan,5 wickets,Sharjah,2012
336,Sri Lanka,Pakistan,Pakistan,6 wickets,Pallekele,2012
337,Sri Lanka,Pakistan,Sri Lanka,76 runs,Pallekele,2012
338,Sri Lanka,Pakistan,no result,,Colombo (RPS),2012
339,Sri Lanka,Pakistan,Sri Lanka,44 runs,Colombo (RPS),2012
340,England,West Indies,England,114 runs,Southampton,2012
341,Sri Lanka,Pakistan,Sri Lanka,2 wickets,Colombo (RPS),2012
342,England,West Indies,England,8 wickets,The Oval,2012
343,Ireland,Australia,no result,,Belfast,2012
344,England,Australia,England,15 runs,Lord's,2012
345,England,Australia,England,6 wickets,The Oval,2012
346,Ireland,Afghanistan,Ireland,59 runs,Dublin,2012
347,West Indies,New Zealand,West Indies,9 wickets,Kingston,2012
348,England,Australia,England,8 wickets,Chester-le-Street,2012
349,West Indies,New Zealand,West Indies,55 runs,Kingston,2012
350,England,Australia,England,7 wickets,Manchester,2012
351,Scotland,Canada,Scotland,4 wickets,Ayr,2012
352,West Indies,New Zealand,New Zealand,88 runs,Basseterre,2012
353,West Indies,New Zealand,West Indies,24 runs,Basseterre,2012
354,West Indies,New Zealand,West Indies,20 runs,Basseterre,2012
355,Sri Lanka,India,India,21 runs,Hambantota,2012
356,Sri Lanka,India,Sri Lanka,9 wickets,Hambantota,2012
357,Sri Lanka,India,India,5 wickets,Colombo (RPS),2012
358,Sri Lanka,India,India,6 wickets,Colombo (RPS),2012
359,Sri Lanka,India,India,20 runs,Pallekele,2012
360,England,South Africa,no result,,Cardiff,2012
361,Afghanistan,Australia,Australia,66 runs,Sharjah,2012
362,England,South Africa,South Africa,80 runs,Southampton,2012
363,Australia,Pakistan,Australia,4 wickets,Sharjah,2012
364,England,South Africa,England,4 wickets,The Oval,2012
365,Australia,Pakistan,Pakistan,7 wickets,Abu Dhabi,2012
366,England,South Africa,England,6 wickets,Lord's,2012
367,Australia,Pakistan,Australia,3 wickets,Sharjah,2012
368,England,South Africa,South Africa,7 wickets,Nottingham,2012
369,Sri Lanka,New Zealand,Sri Lanka,14 runs,Pallekele,2012
370,Sri Lanka,New Zealand,Sri Lanka,7 wickets,Pallekele,2012
371,Sri Lanka,New Zealand,Sri Lanka,7 wickets,Hambantota,2012
372,Sri Lanka,New Zealand,no result,,Hambantota,2012
373,Bangladesh,West Indies,Bangladesh,7 wickets,Khulna,2012
374,Bangladesh,West Indies,Bangladesh,160 runs,Khulna,2012
375,Bangladesh,West Indies,West Indies,4 wickets,Dhaka,2012
376,Bangladesh,West Indies,West Indies,75 runs,Dhaka,2012
377,Bangladesh,West Indies,Bangladesh,2 wickets,Dhaka,2012
378,India,Pakistan,Pakistan,6 wickets,Chennai,2012
379,India,Pakistan,Pakistan,85 runs,Kolkata,2013
380,India,Pakistan,India,10 runs,Delhi,2013
381,Australia,Sri Lanka,Australia,107 runs,Melbourne,2013
382,India,England,England,9 runs,Rajkot,2013
383,Australia,Sri Lanka,Sri Lanka,8 wickets,Adelaide,2013
384,India,England,India,127 runs,Kochi,2013
385,Australia,Sri Lanka,Sri Lanka,4 wickets,Brisbane,2013
386,India,England,India,7 wickets,Ranchi,2013
387,South Africa,New Zealand,New Zealand,1 wicket,Paarl,2013
388,Australia,Sri Lanka,no result,,Sydney,2013
389,South Africa,New Zealand,New Zealand,27 runs,Kimberley,2013
390,Australia,Sri Lanka,Australia,32 runs,Hobart,2013
391,India,England,India,5 wickets,Mohali,2013
392,South Africa,New Zealand,South Africa,1 wicket,Potchefstroom,2013
393,India,England,England,7 wickets,Dharamsala,2013
394,Australia,West Indies,Australia,9 wickets,Perth,2013
395,Australia,West Indies,Australia,54 runs,Perth,2013
396,Australia,West Indies,Australia,39 runs,Canberra,2013
397,Australia,West Indies,Australia,5 wickets,Sydney,2013
398,Australia,West Indies,Australia,17 runs,Melbourne,2013
399,New Zealand,England,New Zealand,3 wickets,Hamilton,2013
400,New Zealand,England,England,8 wickets,Napier,2013
401,West Indies,Zimbabwe,West Indies,156 runs,St George's,2013
402,New Zealand,England,England,5 wickets,Auckland,2013
403,West Indies,Zimbabwe,West Indies,7 wickets,St George's,2013
404,West Indies,Zimbabwe,West Indies,5 wickets,St George's,2013
405,Afghanistan,Scotland,Afghanistan,7 wickets,Sharjah,2013
406,Afghanistan,Scotland,Afghanistan,5 wickets,Sharjah,2013
407,South Africa,Pakistan,South Africa,125 runs,Bloemfontein,2013
408,Canada,Kenya,Kenya,6 wickets,ICCA Dubai,2013
409,Canada,Kenya,Kenya,6 wickets,ICCA Dubai,2013
410,South Africa,Pakistan,Pakistan,6 wickets,Centurion,2013
411,South Africa,Pakistan,South Africa,34 runs,Johannesburg,2013
412,South Africa,Pakistan,Pakistan,3 wickets,Durban,2013
413,Sri Lanka,Bangladesh,Sri Lanka,8 wickets,Hambantota,2013
414,South Africa,Pakistan,South Africa,6 wickets,Benoni,2013
415,Sri Lanka,Bangladesh,no result,,Hambantota,2013
416,Sri Lanka,Bangladesh,Bangladesh,3 wickets,Pallekele,2013
417,Zimbabwe,Bangladesh,Bangladesh,121 runs,Bulawayo,2013
418,Zimbabwe,Bangladesh,Zimbabwe,6 wickets,Bulawayo,2013
419,Zimbabwe,Bangladesh,Zimbabwe,7 wickets,Bulawayo,2013
420,Scotland,Pakistan,Pakistan,96 runs,Edinburgh,2013
421,Ireland,Pakistan,tied,,Dublin,2013
422,Ireland,Pakistan,Pakistan,2 wickets,Dublin,2013
423,Netherlands,South Africa,South Africa,83 runs,Amstelveen,2013
424,England,New Zealand,New Zealand,5 wickets,Lord's,2013
425,England,New Zealand,New Zealand,86 runs,Southampton,2013
426,England,New Zealand,England,34 runs,Nottingham,2013
427,India,South Africa,India,26 runs,Cardiff,2013
428,Pakistan,West Indies,West Indies,2 wickets,The Oval,2013
429,England,Australia,England,48 runs,Birmingham,2013
430,New Zealand,Sri Lanka,New Zealand,1 wicket,Cardiff,2013
431,Pakistan,South Africa,South Africa,67 runs,Birmingham,2013
432,India,West Indies,India,8 wickets,The Oval,2013
433,Australia,New Zealand,no result,,Birmingham,2013
434,England,Sri Lanka,Sri Lanka,7 wickets,The Oval,2013
435,South Africa,West Indies,tied,,Cardiff,2013
436,India,Pakistan,India,8 wickets,Birmingham,2013
437,England,New Zealand,England,10 runs,Cardiff,2013
438,Australia,Sri Lanka,Sri Lanka,20 runs,The Oval,2013
439,England,South Africa,England,7 wickets,The Oval,2013
440,India,Sri Lanka,India,8 wickets,Cardiff,2013
441,England,India,India,5 runs,Birmingham,2013
442,West Indies,Sri Lanka,West Indies,6 wickets,Kingston,2013
443,Scotland,Kenya,Scotland,12 runs,Aberdeen,2013
444,West Indies,India,West Indies,1 wicket,Kingston,2013
445,Scotland,Kenya,Scotland,4 wickets,Aberdeen,2013
446,India,Sri Lanka,Sri Lanka,161 runs,Kingston,2013
447,West Indies,India,India,102 runs,Port of Spain,2013
448,Netherlands,Ireland,Ireland,88 runs,Amstelveen,2013
449,West Indies,Sri Lanka,Sri Lanka,39 runs,Port of Spain,2013
450,Netherlands,Ireland,tied,,Amstelveen,2013
451,India,Sri Lanka,India,81 runs,Port of Spain,2013
452,India,Sri Lanka,India,1 wicket,Port of Spain,2013
453,West Indies,Pakistan,Pakistan,126 runs,Providence,2013
454,West Indies,Pakistan,West Indies,37 runs,Providence,2013
455,West Indies,Pakistan,tied,,Gros Islet,2013
456,Sri Lanka,South Africa,Sri Lanka,180 runs,Colombo (RPS),2013
457,West Indies,Pakistan,Pakistan,6 wickets,Gros Islet,2013
458,Sri Lanka,South Africa,Sri Lanka,17 runs,Colombo (RPS),2013
459,Zimbabwe,India,India,6 wickets,Harare,2013
460,West Indies,Pakistan,Pakistan,4 wickets,Gros Islet,2013
461,Zimbabwe,India,India,58 runs,Harare,2013
462,Sri Lanka,South Africa,South Africa,56 runs,Pallekele,2013
463,Zimbabwe,India,India,7 wickets,Harare,2013
464,Sri Lanka,South Africa,Sri Lanka,8 wickets,Pallekele,2013
465,Sri Lanka,South Africa,Sri Lanka,128 runs,Colombo (RPS),2013
466,Zimbabwe,India,India,9 wickets,Bulawayo,2013
467,Zimbabwe,India,India,7 wickets,Bulawayo,2013
468,Zimbabwe,Pakistan,Zimbabwe,7 wickets,Harare,2013
469,Canada,Netherlands,no result,,King City (NW),2013
470,Zimbabwe,Pakistan,Pakistan,90 runs,Harare,2013
471,Canada,Netherlands,Netherlands,9 wickets,King City (NW),2013
472,Zimbabwe,Pakistan,Pakistan,108 runs,Harare,2013
473,Ireland,England,England,6 wickets,Dublin (Malahide),2013
474,Scotland,Australia,Australia,200 runs,Edinburgh,2013
475,Ireland,Scotland,Ireland,1 wicket,Belfast,2013
476,England,Australia,Australia,88 runs,Manchester,2013
477,Ireland,Scotland,Ireland,7 wickets,Belfast,2013
478,England,Australia,no result,,Birmingham,2013
479,England,Australia,England,3 wickets,Cardiff,2013
480,England,Australia,Australia,49 runs,Southampton,2013
481,Afghanistan,Kenya,Afghanistan,8 wickets,Sharjah,2013
482,Afghanistan,Kenya,Afghanistan,7 wickets,Sharjah,2013
483,India,Australia,Australia,72 runs,Pune,2013
484,India,Australia,India,9 wickets,Jaipur,2013
485,India,Australia,Australia,4 wickets,Mohali,2013
486,India,Australia,no result,,Ranchi,2013
487,Bangladesh,New Zealand,Bangladesh,43 runs,Dhaka,2013
488,India,Australia,India,6 wickets,Nagpur,2013
489,Pakistan,South Africa,South Africa,1 run,Sharjah,2013
490,Bangladesh,New Zealand,Bangladesh,40 runs,Dhaka,2013
491,Pakistan,South Africa,Pakistan,66 runs,Dubai (DSC),2013
492,India,Australia,India,57 runs,Bengaluru,2013
493,Bangladesh,New Zealand,Bangladesh,4 wickets,Fatullah,2013
494,Pakistan,South Africa,South Africa,68 runs,Abu Dhabi,2013
495,Pakistan,South Africa,South Africa,28 runs,Abu Dhabi,2013
496,Sri Lanka,New Zealand,no result,,Hambantota,2013
497,Pakistan,South Africa,South Africa,117 runs,Sharjah,2013
498,Sri Lanka,New Zealand,New Zealand,4 wickets,Hambantota,2013
499,Sri Lanka,New Zealand,Sri Lanka,36 runs,Dambulla,2013
500,India,West Indies,India,6 wickets,Kochi,2013
501,India,West Indies,West Indies,2 wickets,Visakhapatnam,2013
502,South Africa,Pakistan,Pakistan,23 runs,Cape Town,2013
503,India,West Indies,India,5 wickets,Kanpur,2013
504,South Africa,Pakistan,Pakistan,1 run,Port Elizabeth,2013
505,South Africa,Pakistan,South Africa,4 wickets,Centurion,2013
506,South Africa,India,South Africa,141 runs,Johannesburg,2013
507,South Africa,India,South Africa,134 runs,Durban,2013
508,South Africa,India,no result,,Centurion,2013
509,Pakistan,Sri Lanka,Pakistan,11 runs,Sharjah,2013
510,Pakistan,Sri Lanka,Sri Lanka,2 wickets,Dubai (DSC),2013
511,Pakistan,Sri Lanka,Pakistan,113 runs,Sharjah,2013
512,Pakistan,Sri Lanka,Pakistan,8 wickets,Abu Dhabi,2013
513,New Zealand,West Indies,West Indies,2 wickets,Auckland,2013
514,Pakistan,Sri Lanka,Sri Lanka,2 wickets,Abu Dhabi,2013
515,New Zealand,West Indies,New Zealand,159 runs,Queenstown,2014
516,New Zealand,West Indies,New Zealand,58 runs,Nelson,2014
517,New Zealand,West Indies,West Indies,203 runs,Hamilton,2014
518,Australia,England,Australia,6 wickets,Melbourne,2014
519,Australia,England,Australia,1 wicket,Brisbane,2014
520,New Zealand,India,New Zealand,24 runs,Napier,2014
521,Australia,England,Australia,7 wickets,Sydney,2014
522,New Zealand,India,New Zealand,15 runs,Hamilton,2014
523,Canada,Scotland,Scotland,170 runs,Christchurch,2014
524,Kenya,Netherlands,Kenya,4 wickets,Lincoln,2014
525,Australia,England,England,57 runs,Perth,2014
526,New Zealand,India,tied,,Auckland,2014
527,Australia,England,Australia,5 runs,Adelaide,2014
528,Canada,Netherlands,Netherlands,8 wickets,Mount Maunganui,2014
529,New Zealand,India,New Zealand,7 wickets,Hamilton,2014
530,Kenya,Scotland,Scotland,3 wickets,Christchurch,2014
531,New Zealand,India,New Zealand,87 runs,Wellington,2014
532,Scotland,U.A.E.,Scotland,41 runs,Lincoln,2014
533,Bangladesh,Sri Lanka,Sri Lanka,13 runs,Dhaka,2014
534,Bangladesh,Sri Lanka,Sri Lanka,61 runs,Dhaka,2014
535,Bangladesh,Sri Lanka,Sri Lanka,6 wickets,Dhaka,2014
536,West Indies,Ireland,West Indies,4 wickets,Kingston,2014
537,Pakistan,Sri Lanka,Sri Lanka,12 runs,Fatullah,2014
538,Bangladesh,India,India,6 wickets,Fatullah,2014
539,Afghanistan,Pakistan,Pakistan,72 runs,Fatullah,2014
540,India,Sri Lanka,Sri Lanka,2 wickets,Fatullah,2014
541,West Indies,England,West Indies,15 runs,North Sound,2014
542,Bangladesh,Afghanistan,Afghanistan,32 runs,Fatullah,2014
543,India,Pakistan,Pakistan,1 wicket,Dhaka,2014
544,West Indies,England,England,3 wickets,North Sound,2014
545,Afghanistan,Sri Lanka,Sri Lanka,129 runs,Dhaka,2014
546,Bangladesh,Pakistan,Pakistan,3 wickets,Dhaka,2014
547,Afghanistan,India,India,8 wickets,Dhaka,2014
548,West Indies,England,England,25 runs,North Sound,2014
549,Bangladesh,Sri Lanka,Sri Lanka,3 wickets,Dhaka,2014
550,Pakistan,Sri Lanka,Sri Lanka,5 wickets,Dhaka,2014
551,Afghanistan,Hong Kong,Afghanistan,6 wickets,Kuala Lumpur,2014
552,Afghanistan,U.A.E.,Afghanistan,70 runs,Kuala Lumpur,2014
553,Hong Kong,U.A.E.,U.A.E.,2 wickets,Kuala Lumpur,2014
554,Ireland,Sri Lanka,Sri Lanka,79 runs,Dublin,2014
555,Scotland,England,England,39 runs,Aberdeen,2014
556,England,Sri Lanka,England,81 runs,The Oval,2014
557,England,Sri Lanka,Sri Lanka,157 runs,Chester-le-Street,2014
558,England,Sri Lanka,England,10 wickets,Manchester,2014
559,England,Sri Lanka,Sri Lanka,7 runs,Lord's,2014
560,England,Sri Lanka,Sri Lanka,6 wickets,Birmingham,2014
561,Bangladesh,India,India,7 wickets,Dhaka,2014
562,Bangladesh,India,India,47 runs,Dhaka,2014
563,Bangladesh,India,no result,,Dhaka,2014
564,Sri Lanka,South Africa,South Africa,75 runs,Colombo (RPS),2014
565,Sri Lanka,South Africa,Sri Lanka,87 runs,Pallekele,2014
566,Sri Lanka,South Africa,South Africa,82 runs,Hambantota,2014
567,Zimbabwe,Afghanistan,Zimbabwe,6 wickets,Bulawayo,2014
568,Zimbabwe,Afghanistan,Zimbabwe,8 wickets,Bulawayo,2014
569,Zimbabwe,Afghanistan,Afghanistan,2 wickets,Bulawayo,2014
570,Zimbabwe,Afghanistan,Afghanistan,100 runs,Bulawayo,2014
571,Zimbabwe,South Africa,South Africa,93 runs,Bulawayo,2014
572,Zimbabwe,South Africa,South Africa,61 runs,Bulawayo,2014
573,West Indies,Bangladesh,West Indies,3 wickets,St George's,2014
574,Zimbabwe,South Africa,South Africa,7 wickets,Bulawayo,2014
575,West Indies,Bangladesh,West Indies,177 runs,St George's,2014
576,Sri Lanka,Pakistan,Pakistan,4 wickets,Hambantota,2014
577,Zimbabwe,Australia,Australia,198 runs,Harare,2014
578,West Indies,Bangladesh,West Indies,91 runs,Basseterre,2014
579,Sri Lanka,Pakistan,Sri Lanka,77 runs,Hambantota,2014
580,Australia,South Africa,South Africa,7 wickets,Harare,2014
581,England,India,India,133 runs,Cardiff,2014
582,Zimbabwe,South Africa,South Africa,61 runs,Harare,2014
583,Sri Lanka,Pakistan,Sri Lanka,7 wickets,Dambulla,2014
584,England,India,India,6 wickets,Nottingham,2014
585,Zimbabwe,Australia,Zimbabwe,3 wickets,Harare,2014
586,Australia,South Africa,Australia,62 runs,Harare,2014
587,England,India,India,9 wickets,Birmingham,2014
588,Zimbabwe,South Africa,South Africa,63 runs,Harare,2014
589,England,India,England,41 runs,Leeds,2014
590,Australia,South Africa,South Africa,6 wickets,Harare,2014
591,Ireland,Scotland,Ireland,7 wickets,Dublin (Malahide),2014
592,Ireland,Scotland,Ireland,3 wickets,Dublin (Malahide),2014
593,Ireland,Scotland,Scotland,8 wickets,Dublin (Malahide),2014
594,Australia,Pakistan,Australia,93 runs,Sharjah,2014
595,India,West Indies,West Indies,124 runs,Kochi,2014
596,Australia,Pakistan,Australia,5 wickets,Dubai (DSC),2014
597,India,West Indies,India,48 runs,Delhi,2014
598,Australia,Pakistan,Australia,1 run,Abu Dhabi,2014
599,India,West Indies,India,59 runs,Dharamsala,2014
600,New Zealand,South Africa,South Africa,6 wickets,Mount Maunganui,2014
601,New Zealand,South Africa,South Africa,72 runs,Mount Maunganui,2014
602,New Zealand,South Africa,no result,,Hamilton,2014
603,India,Sri Lanka,India,169 runs,Cuttack,2014
604,India,Sri Lanka,India,6 wickets,Ahmedabad,2014
605,Hong Kong,P.N.G.,P.N.G.,4 wickets,Townsville,2014
606,Hong Kong,P.N.G.,P.N.G.,3 wickets,Townsville,2014
607,India,Sri Lanka,India,6 wickets,Hyderabad (Deccan),2014
608,India,Sri Lanka,India,153 runs,Kolkata,2014
609,Australia,South Africa,Australia,32 runs,Perth,2014
610,Australia,South Africa,South Africa,3 wickets,Perth,2014
611,India,Sri Lanka,India,3 wickets,Ranchi,2014
612,Australia,South Africa,Australia,73 runs,Canberra,2014
613,Australia,South Africa,Australia,3 wickets,Melbourne,2014
614,Bangladesh,Zimbabwe,Bangladesh,87 runs,Chittagong,2014
615,Australia,South Africa,Australia,2 wickets,Sydney,2014
616,Bangladesh,Zimbabwe,Bangladesh,68 runs,Chittagong,2014
617,Bangladesh,Zimbabwe,Bangladesh,124 runs,Dhaka,2014
618,Sri Lanka,England,Sri Lanka,25 runs,Colombo (RPS),2014
619,Bangladesh,Zimbabwe,Bangladesh,21 runs,Dhaka,2014
620,U.A.E.,Afghanistan,U.A.E.,5 wickets,ICCA Dubai,2014
621,Sri Lanka,England,Sri Lanka,8 wickets,Colombo (RPS),2014
622,U.A.E.,Afghanistan,U.A.E.,6 wickets,ICCA Dubai,2014
623,Bangladesh,Zimbabwe,Bangladesh,5 wickets,Dhaka,2014
624,U.A.E.,Afghanistan,Afghanistan,2 wickets,ICCA Dubai,2014
625,Sri Lanka,England,England,5 wickets,Hambantota,2014
626,U.A.E.,Afghanistan,U.A.E.,30 runs,ICCA Dubai,2014
627,Sri Lanka,England,Sri Lanka,6 wickets,Colombo (RPS),2014
628,New Zealand,Pakistan,Pakistan,3 wickets,Dubai (DSC),2014
629,Sri Lanka,England,England,5 wickets,Pallekele,2014
630,New Zealand,Pakistan,New Zealand,4 wickets,Sharjah,2014
631,Sri Lanka,England,Sri Lanka,90 runs,Pallekele,2014
632,New Zealand,Pakistan,Pakistan,147 runs,Sharjah,2014
633,Sri Lanka,England,Sri Lanka,87 runs,Colombo (RPS),2014
634,New Zealand,Pakistan,New Zealand,7 runs,Abu Dhabi,2014
635,New Zealand,Pakistan,New Zealand,68 runs,Abu Dhabi,2014
636,Afghanistan,Scotland,Afghanistan,8 wickets,ICCA Dubai,2015
637,Afghanistan,Ireland,Ireland,3 wickets,Dubai (DSC),2015
638,New Zealand,Sri Lanka,New Zealand,3 wickets,Christchurch,2015
639,Ireland,Scotland,Ireland,3 wickets,Dubai (DSC),2015
640,Afghanistan,Scotland,Scotland,150 runs,Abu Dhabi,2015
641,New Zealand,Sri Lanka,Sri Lanka,6 wickets,Hamilton,2015
642,Australia,England,Australia,3 wickets,Sydney,2015
643,South Africa,West Indies,South Africa,61 runs,Durban,2015
644,New Zealand,Sri Lanka,no result,,Auckland,2015
645,Afghanistan,Ireland,Afghanistan,71 runs,Dubai (DSC),2015
646,Australia,India,Australia,4 wickets,Melbourne,2015
647,South Africa,West Indies,South Africa,148 runs,Johannesburg,2015
648,Ireland,Scotland,no result,,ICCA Dubai,2015
649,New Zealand,Sri Lanka,New Zealand,4 wickets,Nelson,2015
650,England,India,England,9 wickets,Brisbane,2015
651,South Africa,West Indies,South Africa,9 wickets,East London,2015
652,New Zealand,Sri Lanka,New Zealand,108 runs,Dunedin,2015
653,Australia,England,Australia,3 wickets,Hobart,2015
654,New Zealand,Sri Lanka,New Zealand,120 runs,Dunedin,2015
655,South Africa,West Indies,West Indies,1 wicket,Port Elizabeth,2015
656,Australia,India,no result,,Sydney,2015
657,South Africa,West Indies,South Africa,131 runs,Centurion,2015
658,New Zealand,Sri Lanka,Sri Lanka,34 runs,Wellington,2015
659,England,India,England,3 wickets,Perth,2015
660,New Zealand,Pakistan,New Zealand,7 wickets,Wellington,2015
661,Australia,England,Australia,112 runs,Perth,2015
662,New Zealand,Pakistan,New Zealand,119 runs,Napier,2015
663,New Zealand,Sri Lanka,New Zealand,98 runs,Christchurch,2015
664,Australia,England,Australia,111 runs,Melbourne,2015
665,South Africa,Zimbabwe,South Africa,62 runs,Hamilton,2015
666,India,Pakistan,India,76 runs,Adelaide,2015
667,Ireland,West Indies,Ireland,4 wickets,Nelson,2015
668,New Zealand,Scotland,New Zealand,3 wickets,Dunedin,2015
669,Afghanistan,Bangladesh,Bangladesh,105 runs,Canberra,2015
670,U.A.E.,Zimbabwe,Zimbabwe,4 wickets,Nelson,2015
671,New Zealand,England,New Zealand,8 wickets,Wellington,2015
672,Pakistan,West Indies,West Indies,150 runs,Christchurch,2015
673,Afghanistan,Sri Lanka,Sri Lanka,4 wickets,Dunedin,2015
674,India,South Africa,India,130 runs,Melbourne,2015
675,England,Scotland,England,119 runs,Christchurch,2015
676,West Indies,Zimbabwe,West Indies,73 runs,Canberra,2015
677,Ireland,U.A.E.,Ireland,2 wickets,Brisbane,2015
678,Afghanistan,Scotland,Afghanistan,1 wicket,Dunedin,2015
679,Bangladesh,Sri Lanka,Sri Lanka,92 runs,Melbourne,2015
680,South Africa,West Indies,South Africa,257 runs,Sydney,2015
681,New Zealand,Australia,New Zealand,1 wicket,Auckland,2015
682,India,U.A.E.,India,9 wickets,Perth,2015
683,England,Sri Lanka,Sri Lanka,9 wickets,Wellington,2015
684,Pakistan,Zimbabwe,Pakistan,20 runs,Brisbane,2015
685,Ireland,South Africa,South Africa,201 runs,Canberra,2015
686,Pakistan,U.A.E.,Pakistan,129 runs,Napier,2015
687,Australia,Afghanistan,Australia,275 runs,Perth,2015
688,Bangladesh,Scotland,Bangladesh,6 wickets,Nelson,2015
689,India,West Indies,India,4 wickets,Perth,2015
690,Pakistan,South Africa,Pakistan,29 runs,Auckland,2015
691,Ireland,Zimbabwe,Ireland,5 runs,Hobart,2015
692,New Zealand,Afghanistan,New Zealand,6 wickets,Napier,2015
693,Australia,Sri Lanka,Australia,64 runs,Sydney,2015
694,Bangladesh,England,Bangladesh,15 runs,Adelaide,2015
695,India,Ireland,India,8 wickets,Hamilton,2015
696,Scotland,Sri Lanka,Sri Lanka,148 runs,Hobart,2015
697,South Africa,U.A.E.,South Africa,146 runs,Wellington,2015
698,New Zealand,Bangladesh,New Zealand,3 wickets,Hamilton,2015
699,Afghanistan,England,England,9 wickets,Sydney,2015
700,India,Zimbabwe,India,6 wickets,Auckland,2015
701,Australia,Scotland,Australia,7 wickets,Hobart,2015
702,U.A.E.,West Indies,West Indies,6 wickets,Napier,2015
703,Ireland,Pakistan,Pakistan,7 wickets,Adelaide,2015
704,South Africa,Sri Lanka,South Africa,9 wickets,Sydney,2015
705,Bangladesh,India,India,109 runs,Melbourne,2015
706,Australia,Pakistan,Australia,6 wickets,Adelaide,2015
707,New Zealand,West Indies,New Zealand,143 runs,Wellington,2015
708,New Zealand,South Africa,New Zealand,4 wickets,Auckland,2015
709,Australia,India,Australia,95 runs,Sydney,2015
710,Australia,New Zealand,Australia,7 wickets,Melbourne,2015
711,Bangladesh,Pakistan,Bangladesh,79 runs,Dhaka,2015
712,Bangladesh,Pakistan,Bangladesh,7 wickets,Dhaka,2015
713,Bangladesh,Pakistan,Bangladesh,8 wickets,Dhaka,2015
714,Ireland,England,no result,,Dublin (Malahide),2015
715,Pakistan,Zimbabwe,Pakistan,41 runs,Lahore,2015
716,Pakistan,Zimbabwe,Pakistan,6 wickets,Lahore,2015
717,Pakistan,Zimbabwe,no result,,Lahore,2015
718,England,New Zealand,England,210 runs,Birmingham,2015
719,England,New Zealand,New Zealand,13 runs,The Oval,2015
720,England,New Zealand,New Zealand,3 wickets,Southampton,2015
721,England,New Zealand,England,7 wickets,Nottingham,2015
722,Bangladesh,India,Bangladesh,79 runs,Dhaka,2015
723,England,New Zealand,England,3 wickets,Chester-le-Street,2015
724,Bangladesh,India,Bangladesh,6 wickets,Dhaka,2015
725,Bangladesh,India,India,77 runs,Dhaka,2015
726,Zimbabwe,India,India,4 runs,Harare,2015
727,Bangladesh,South Africa,South Africa,8 wickets,Dhaka,2015
728,Sri Lanka,Pakistan,Pakistan,6 wickets,Dambulla,2015
729,Zimbabwe,India,India,62 runs,Harare,2015
730,Bangladesh,South Africa,Bangladesh,7 wickets,Dhaka,2015
731,Zimbabwe,India,India,83 runs,Harare,2015
732,Bangladesh,South Africa,Bangladesh,9 wickets,Chittagong,2015
733,Sri Lanka,Pakistan,Sri Lanka,2 wickets,Pallekele,2015
734,Sri Lanka,Pakistan,Pakistan,135 runs,Colombo (RPS),2015
735,Sri Lanka,Pakistan,Pakistan,7 wickets,Colombo (RPS),2015
736,Sri Lanka,Pakistan,Sri Lanka,165 runs,Hambantota,2015
737,Zimbabwe,New Zealand,Zimbabwe,7 wickets,Harare,2015
738,Zimbabwe,New Zealand,New Zealand,10 wickets,Harare,2015
739,Zimbabwe,New Zealand,New Zealand,38 runs,Harare,2015
740,South Africa,New Zealand,South Africa,20 runs,Centurion,2015
741,South Africa,New Zealand,New Zealand,8 wickets,Potchefstroom,2015
742,South Africa,New Zealand,South Africa,62 runs,Durban,2015
743,Ireland,Australia,Australia,23 runs,Belfast,2015
744,England,Australia,Australia,59 runs,Southampton,2015
745,England,Australia,Australia,64 runs,Lord's,2015
746,England,Australia,England,93 runs,Manchester,2015
747,England,Australia,England,3 wickets,Leeds,2015
748,England,Australia,Australia,8 wickets,Manchester,2015
749,Zimbabwe,Pakistan,Pakistan,131 runs,Harare,2015
750,Zimbabwe,Pakistan,Zimbabwe,5 runs,Harare,2015
751,Zimbabwe,Pakistan,Pakistan,7 wickets,Harare,2015
752,Zimbabwe,Ireland,Zimbabwe,2 wickets,Harare,2015
753,India,South Africa,South Africa,5 runs,Kanpur,2015
754,Zimbabwe,Ireland,Zimbabwe,5 wickets,Harare,2015
755,Zimbabwe,Ireland,Ireland,2 wickets,Harare,2015
756,India,South Africa,India,22 runs,Indore,2015
757,Zimbabwe,Afghanistan,Zimbabwe,8 wickets,Bulawayo,2015
758,Zimbabwe,Afghanistan,Afghanistan,58 runs,Bulawayo,2015
759,India,South Africa,South Africa,18 runs,Rajkot,2015
760,Zimbabwe,Afghanistan,Zimbabwe,6 wickets,Bulawayo,2015
761,Zimbabwe,Afghanistan,Afghanistan,3 wickets,Bulawayo,2015
762,India,South Africa,India,35 runs,Chennai,2015
763,Zimbabwe,Afghanistan,Afghanistan,73 runs,Bulawayo,2015
764,India,South Africa,South Africa,214 runs,Mumbai,2015
765,Sri Lanka,West Indies,Sri Lanka,1 wicket,Colombo (RPS),2015
766,Sri Lanka,West Indies,Sri Lanka,8 wickets,Colombo (RPS),2015
767,Bangladesh,Zimbabwe,Bangladesh,145 runs,Dhaka,2015
768,Sri Lanka,West Indies,Sri Lanka,19 runs,Pallekele,2015
769,Bangladesh,Zimbabwe,Bangladesh,58 runs,Dhaka,2015
770,Bangladesh,Zimbabwe,Bangladesh,61 runs,Dhaka,2015
771,England,Pakistan,Pakistan,6 wickets,Abu Dhabi,2015
772,England,Pakistan,England,95 runs,Abu Dhabi,2015
773,U.A.E.,Hong Kong,Hong Kong,89 runs,ICCA Dubai,2015
774,England,Pakistan,England,6 wickets,Sharjah,2015
775,U.A.E.,Hong Kong,Hong Kong,136 runs,ICCA Dubai,2015
776,England,Pakistan,England,84 runs,Dubai (DSC),2015
777,Afghanistan,Zimbabwe,Afghanistan,49 runs,Sharjah,2015
778,New Zealand,Sri Lanka,New Zealand,7 wickets,Christchurch,2015
779,New Zealand,Sri Lanka,New Zealand,10 wickets,Christchurch,2015
780,Afghanistan,Zimbabwe,Afghanistan,4 wickets,Sharjah,2015
781,New Zealand,Sri Lanka,Sri Lanka,8 wickets,Nelson,2015
782,New Zealand,Sri Lanka,no result,,Nelson,2016
783,Afghanistan,Zimbabwe,Zimbabwe,117 runs,Sharjah,2016
784,Afghanistan,Zimbabwe,Zimbabwe,65 runs,Sharjah,2016
785,New Zealand,Sri Lanka,New Zealand,36 runs,Mount Maunganui,2016
786,Afghanistan,Zimbabwe,Afghanistan,2 wickets,Sharjah,2016
787,Australia,India,Australia,5 wickets,Perth,2016
788,Australia,India,Australia,7 wickets,Brisbane,2016
789,Australia,India,Australia,3 wickets,Melbourne,2016
790,Australia,India,Australia,25 runs,Canberra,2016
791,Australia,India,India,6 wickets,Sydney,2016
792,New Zealand,Pakistan,New Zealand,70 runs,Wellington,2016
793,Hong Kong,Scotland,Hong Kong,109 runs,Mong Kok,2016
794,New Zealand,Pakistan,New Zealand,3 wickets,Auckland,2016
795,New Zealand,Australia,New Zealand,159 runs,Auckland,2016
796,South Africa,England,England,39 runs,Bloemfontein,2016
797,New Zealand,Australia,Australia,4 wickets,Wellington,2016
798,South Africa,England,England,5 wickets,Port Elizabeth,2016
799,New Zealand,Australia,New Zealand,55 runs,Hamilton,2016
800,South Africa,England,South Africa,7 wickets,Centurion,2016
801,South Africa,England,South Africa,1 wicket,Johannesburg,2016
802,South Africa,England,South Africa,5 wickets,Cape Town,2016
803,West Indies,South Africa,West Indies,4 wickets,Providence,2016
804,West Indies,Australia,Australia,6 wickets,Providence,2016
805,Australia,South Africa,South Africa,47 runs,Providence,2016
806,Zimbabwe,India,India,9 wickets,Harare,2016
807,Australia,South Africa,Australia,36 runs,Basseterre,2016
808,Zimbabwe,India,India,8 wickets,Harare,2016
809,West Indies,Australia,West Indies,4 wickets,Basseterre,2016
810,Zimbabwe,India,India,10 wickets,Harare,2016
811,West Indies,South Africa,South Africa,139 runs,Basseterre,2016
812,Ireland,Sri Lanka,Sri Lanka,76 runs,Dublin (Malahide),2016
813,Ireland,Sri Lanka,Sri Lanka,136 runs,Dublin (Malahide),2016
814,Australia,South Africa,no result,,Bridgetown,2016
815,England,Sri Lanka,tied,,Nottingham,2016
816,West Indies,Australia,Australia,6 wickets,Bridgetown,2016
817,England,Sri Lanka,England,10 wickets,Birmingham,2016
818,West Indies,South Africa,West Indies,100 runs,Bridgetown,2016
819,England,Sri Lanka,no result,,Bristol,2016
820,West Indies,Australia,Australia,58 runs,Bridgetown,2016
821,England,Sri Lanka,England,6 wickets,The Oval,2016
822,England,Sri Lanka,England,122 runs,Cardiff,2016
823,Scotland,Afghanistan,no result,,Edinburgh,2016
824,Scotland,Afghanistan,Afghanistan,78 runs,Edinburgh,2016
825,Ireland,Afghanistan,Afghanistan,39 runs,Belfast,2016
826,Ireland,Afghanistan,Ireland,6 wickets,Belfast,2016
827,Ireland,Afghanistan,Afghanistan,79 runs,Belfast,2016
828,Ireland,Afghanistan,Ireland,12 runs,Belfast,2016
829,Scotland,U.A.E.,Scotland,98 runs,Edinburgh,2016
830,Scotland,U.A.E.,Scotland,7 wickets,Edinburgh,2016
831,Ireland,Pakistan,Pakistan,255 runs,Dublin (Malahide),2016
832,Sri Lanka,Australia,Australia,3 wickets,Colombo (RPS),2016
833,Sri Lanka,Australia,Sri Lanka,82 runs,Colombo (RPS),2016
834,England,Pakistan,England,44 runs,Southampton,2016
835,England,Pakistan,England,4 wickets,Lord's,2016
836,Sri Lanka,Australia,Australia,2 wickets,Dambulla,2016
837,England,Pakistan,England,169 runs,Nottingham,2016
838,Sri Lanka,Australia,Australia,6 wickets,Dambulla,2016
839,England,Pakistan,England,4 wickets,Leeds,2016
840,Sri Lanka,Australia,Australia,5 wickets,Pallekele,2016
841,England,Pakistan,Pakistan,4 wickets,Cardiff,2016
842,Scotland,Hong Kong,no result,,Edinburgh,2016
843,Scotland,Hong Kong,Scotland,53 runs,Edinburgh,2016
844,South Africa,Ireland,South Africa,206 runs,Benoni,2016
845,Bangladesh,Afghanistan,Bangladesh,7 runs,Dhaka,2016
846,Australia,Ireland,Australia,9 wickets,Benoni,2016
847,Bangladesh,Afghanistan,Afghanistan,2 wickets,Dhaka,2016
848,Pakistan,West Indies,Pakistan,111 runs,Sharjah,2016
849,South Africa,Australia,South Africa,6 wickets,Centurion,2016
850,Bangladesh,Afghanistan,Bangladesh,141 runs,Dhaka,2016
851,South Africa,Australia,South Africa,142 runs,Johannesburg,2016
852,Pakistan,West Indies,Pakistan,59 runs,Sharjah,2016
853,Pakistan,West Indies,Pakistan,136 runs,Abu Dhabi,2016
854,South Africa,Australia,South Africa,4 wickets,Durban,2016
855,Bangladesh,England,England,21 runs,Dhaka,2016
856,South Africa,Australia,South Africa,6 wickets,Port Elizabeth,2016
857,Bangladesh,England,Bangladesh,34 runs,Dhaka,2016
858,Bangladesh,England,England,4 wickets,Chittagong,2016
859,South Africa,Australia,South Africa,31 runs,Cape Town,2016
860,India,New Zealand,India,6 wickets,Dharamsala,2016
861,India,New Zealand,New Zealand,6 runs,Delhi,2016
862,India,New Zealand,India,7 wickets,Mohali,2016
863,India,New Zealand,New Zealand,19 runs,Ranchi,2016
864,India,New Zealand,India,190 runs,Visakhapatnam,2016
865,Hong Kong,P.N.G.,Hong Kong,106 runs,Mong Kok,2016
866,Hong Kong,P.N.G.,P.N.G.,14 runs,Mong Kok,2016
867,Hong Kong,P.N.G.,Hong Kong,7 wickets,Mong Kok,2016
868,Zimbabwe,Sri Lanka,Sri Lanka,8 wickets,Harare,2016
869,Sri Lanka,West Indies,West Indies,62 runs,Harare,2016
870,Zimbabwe,West Indies,tied,,Bulawayo,2016
871,Zimbabwe,Sri Lanka,no result,,Bulawayo,2016
872,Sri Lanka,West Indies,Sri Lanka,1 run,Bulawayo,2016
873,Zimbabwe,West Indies,Zimbabwe,5 runs,Bulawayo,2016
874,Zimbabwe,Sri Lanka,Sri Lanka,6 wickets,Bulawayo,2016
875,Australia,New Zealand,Australia,68 runs,Sydney,2016
876,Australia,New Zealand,Australia,116 runs,Canberra,2016
877,Australia,New Zealand,Australia,117 runs,Melbourne,2016
878,New Zealand,Bangladesh,New Zealand,77 runs,Christchurch,2016
879,New Zealand,Bangladesh,New Zealand,67 runs,Nelson,2016
880,New Zealand,Bangladesh,New Zealand,8 wickets,Nelson,2016
881,Australia,Pakistan,Australia,92 runs,Brisbane,2017
882,Australia,Pakistan,Pakistan,6 wickets,Melbourne,2017
883,India,England,India,3 wickets,Pune,2017
884,Australia,Pakistan,Australia,7 wickets,Perth,2017
885,India,England,India,15 runs,Cuttack,2017
886,Australia,Pakistan,Australia,86 runs,Sydney,2017
887,Hong Kong,Scotland,Hong Kong,7 wickets,Abu Dhabi,2017
888,India,England,England,5 runs,Kolkata,2017
889,U.A.E.,Scotland,U.A.E.,4 wickets,Dubai (DSC),2017
890,Australia,Pakistan,Australia,57 runs,Adelaide,2017
891,U.A.E.,Hong Kong,U.A.E.,6 wickets,Dubai (DSC),2017
892,South Africa,Sri Lanka,South Africa,8 wickets,Port Elizabeth,2017
893,New Zealand,Australia,New Zealand,6 runs,Auckland,2017
894,South Africa,Sri Lanka,South Africa,121 runs,Durban,2017
895,South Africa,Sri Lanka,South Africa,7 wickets,Johannesburg,2017
896,New Zealand,Australia,New Zealand,24 runs,Hamilton,2017
897,South Africa,Sri Lanka,South Africa,40 runs,Cape Town,2017
898,South Africa,Sri Lanka,South Africa,88 runs,Centurion,2017
899,Zimbabwe,Afghanistan,Afghanistan,12 runs,Harare,2017
900,New Zealand,South Africa,South Africa,4 wickets,Hamilton,2017
901,Zimbabwe,Afghanistan,Afghanistan,54 runs,Harare,2017
902,Zimbabwe,Afghanistan,Zimbabwe,3 runs,Harare,2017
903,New Zealand,South Africa,New Zealand,6 runs,Christchurch,2017
904,Zimbabwe,Afghanistan,Zimbabwe,7 wickets,Harare,2017
905,New Zealand,South Africa,South Africa,159 runs,Wellington,2017
906,Zimbabwe,Afghanistan,Afghanistan,106 runs,Harare,2017
907,New Zealand,South Africa,New Zealand,7 wickets,Hamilton,2017
908,U.A.E.,Ireland,Ireland,85 runs,ICCA Dubai,2017
909,West Indies,England,England,45 runs,North Sound,2017
910,New Zealand,South Africa,South Africa,6 wickets,Auckland,2017
911,U.A.E.,Ireland,Ireland,8 wickets,ICCA Dubai,2017
912,West Indies,England,England,4 wickets,North Sound,2017
913,West Indies,England,England,186 runs,Bridgetown,2017
914,Afghanistan,Ireland,Afghanistan,30 runs,Greater Noida,2017
915,Afghanistan,Ireland,Afghanistan,34 runs,Greater Noida,2017
916,Afghanistan,Ireland,Ireland,6 wickets,Greater Noida,2017
917,Afghanistan,Ireland,Ireland,3 wickets,Greater Noida,2017
918,Afghanistan,Ireland,Afghanistan,7 wickets,Greater Noida,2017
919,Sri Lanka,Bangladesh,Bangladesh,90 runs,Dambulla,2017
920,Sri Lanka,Bangladesh,no result,,Dambulla,2017
921,U.A.E.,P.N.G.,U.A.E.,82 runs,Abu Dhabi,2017
922,Sri Lanka,Bangladesh,Sri Lanka,70 runs,Colombo (SSC),2017
923,U.A.E.,P.N.G.,P.N.G.,26 runs,Abu Dhabi,2017
924,U.A.E.,P.N.G.,U.A.E.,103 runs,Abu Dhabi,2017
925,West Indies,Pakistan,West Indies,4 wickets,Providence,2017
926,West Indies,Pakistan,Pakistan,74 runs,Providence,2017
927,West Indies,Pakistan,Pakistan,6 wickets,Providence,2017
928,England,Ireland,England,7 wickets,Bristol,2017
929,England,Ireland,England,85 runs,Lord's,2017
930,Ireland,Bangladesh,no result,,Dublin (Malahide),2017
931,Ireland,New Zealand,New Zealand,51 runs,Dublin (Malahide),2017
932,Bangladesh,New Zealand,New Zealand,4 wickets,Dublin,2017
933,Ireland,Bangladesh,Bangladesh,8 wickets,Dublin (Malahide),2017
934,Ireland,New Zealand,New Zealand,190 runs,Dublin (Malahide),2017
935,Bangladesh,New Zealand,Bangladesh,5 wickets,Dublin,2017
936,England,South Africa,England,72 runs,Leeds,2017
937,England,South Africa,England,2 runs,Southampton,2017
938,England,South Africa,South Africa,7 wickets,Lord's,2017
939,England,Bangladesh,England,8 wickets,The Oval,2017
940,Australia,New Zealand,no result,,Birmingham,2017
941,South Africa,Sri Lanka,South Africa,96 runs,The Oval,2017
942,India,Pakistan,India,124 runs,Birmingham,2017
943,Australia,Bangladesh,no result,,The Oval,2017
944,England,New Zealand,England,87 runs,Cardiff,2017
945,Pakistan,South Africa,Pakistan,19 runs,Birmingham,2017
946,India,Sri Lanka,Sri Lanka,7 wickets,The Oval,2017
947,Bangladesh,New Zealand,Bangladesh,5 wickets,Cardiff,2017
948,West Indies,Afghanistan,Afghanistan,63 runs,Gros Islet,2017
949,England,Australia,England,40 runs,Birmingham,2017
950,India,South Africa,India,8 wickets,The Oval,2017
951,West Indies,Afghanistan,West Indies,4 wickets,Gros Islet,2017
952,Pakistan,Sri Lanka,Pakistan,3 wickets,Cardiff,2017
953,England,Pakistan,Pakistan,8 wickets,Cardiff,2017
954,West Indies,Afghanistan,no result,,Gros Islet,2017
955,Bangladesh,India,India,9 wickets,Birmingham,2017
956,Scotland,Zimbabwe,Scotland,26 runs,Edinburgh,2017
957,Scotland,Zimbabwe,Zimbabwe,6 wickets,Edinburgh,2017
958,India,Pakistan,Pakistan,180 runs,The Oval,2017
959,West Indies,India,no result,,Port of Spain,2017
960,West Indies,India,India,105 runs,Port of Spain,2017
961,Sri Lanka,Zimbabwe,Zimbabwe,6 wickets,Galle,2017
962,West Indies,India,India,93 runs,North Sound,2017
963,Sri Lanka,Zimbabwe,Sri Lanka,7 wickets,Galle,2017
964,West Indies,India,West Indies,11 runs,North Sound,2017
965,Sri Lanka,Zimbabwe,Sri Lanka,8 wickets,Hambantota,2017
966,West Indies,India,India,8 wickets,Kingston,2017
967,Sri Lanka,Zimbabwe,Zimbabwe,4 wickets,Hambantota,2017
968,Sri Lanka,Zimbabwe,Zimbabwe,3 wickets,Hambantota,2017
969,Sri Lanka,India,India,9 wickets,Dambulla,2017
970,Sri Lanka,India,India,3 wickets,Pallekele,2017
971,Sri Lanka,India,India,6 wickets,Pallekele,2017
972,Sri Lanka,India,India,168 runs,Colombo (RPS),2017
973,Sri Lanka,India,India,6 wickets,Colombo (RPS),2017
974,India,Australia,India,26 runs,Chennai,2017
975,England,West Indies,England,7 wickets,Manchester,2017
976,India,Australia,India,50 runs,Kolkata,2017
977,England,West Indies,no result,,Nottingham,2017
978,India,Australia,India,5 wickets,Indore,2017
979,England,West Indies,England,124 runs,Bristol,2017
980,England,West Indies,England,6 runs,The Oval,2017
981,India,Australia,Australia,21 runs,Bengaluru,2017
982,England,West Indies,England,9 wickets,Southampton,2017
983,India,Australia,India,7 wickets,Nagpur,2017
984,P.N.G.,Scotland,Scotland,101 runs,Port Moresby,2017
985,P.N.G.,Scotland,P.N.G.,5 wickets,Port Moresby,2017
986,Pakistan,Sri Lanka,Pakistan,83 runs,Dubai (DSC),2017
987,South Africa,Bangladesh,South Africa,10 wickets,Kimberley,2017
988,Pakistan,Sri Lanka,Pakistan,32 runs,Abu Dhabi,2017
989,South Africa,Bangladesh,South Africa,104 runs,Paarl,2017
990,Pakistan,Sri Lanka,Pakistan,7 wickets,Abu Dhabi,2017
991,Pakistan,Sri Lanka,Pakistan,7 wickets,Sharjah,2017
992,India,New Zealand,New Zealand,6 wickets,Mumbai,2017
993,South Africa,Bangladesh,South Africa,200 runs,East London,2017
994,Pakistan,Sri Lanka,Pakistan,9 wickets,Sharjah,2017
995,India,New Zealand,India,6 wickets,Pune,2017
996,India,New Zealand,India,6 runs,Kanpur,2017
,,,,,,
,,,,,,
,,,,,,
,,,,,,
,,,,,,
,,,,,,
,,,,,,
,,,,,,
,,,,,,
,,,,,,
,,,,,,
,,,,,,
,,,,,,
,,,,,,
,,,,,,
,,,,,,
,,,,,,
,,,,,,
,,,,,,
,,,,,,
,,,,,,
,,,,,,
,,,,,,
,,,,,,
,,,,,,
,,,,,,
,,,,,,
,,,,,,
,,,,,,
,,,,,,
,,,,,,
,,,,,,
,,,,,,
,,,,,,
,,,,,,
,,,,,,
,,,,,,
,,,,,,
,,,,,,
,,,,,,
,,,,,,
,,,,,,
,,,,,,
,,,,,,
,,,,,,
,,,,,,
,,,,,,
,,,,,,
,,,,,,
,,,,,,
,,,,,,
,,,,,,
,,,,,,
,,,,,,
,,,,,,
,,,,,,
,,,,,,
,,,,,,
,,,,,,
,,,,,,
,,,,,,
,,,,,,
,,,,,,
,,,,,,
,,,,,,
,,,,,,
,,,,,,
,,,,,,
,,,,,,
,,,,,,
,,,,,,
,,,,,,
,,,,,,
,,,,,,
,,,,,,
,,,,,,
,,,,,,
,,,,,,
,,,,,,
,,,,,,
,,,,,,
,,,,,,
,,,,,,
,,,,,,
,,,,,,
,,,,,,
,,,,,,
,,,,,,
,,,,,,
,,,,,,
,,,,,,
,,,,,,
,,,,,,
,,,,,,
,,,,,,
,,,,,,
,,,,,,
,,,,,,
,,,,,,
,,,,,,
,,,,,,
,,,,,,
,,,,,,
,,,,,,
,,,,,,
,,,,,,
,,,,,,
,,,,,,
,,,,,,
,,,,,,
,,,,,,
,,,,,,
,,,,,,
,,,,,,
,,,,,,
,,,,,,
,,,,,,
,,,,,,
,,,,,,
,,,,,,
,,,,,,
,,,,,,
,,,,,,
,,,,,,
,,,,,,
,,,,,,
,,,,,,
,,,,,,
,,,,,,
,,,,,,
,,,,,,
,,,,,,
,,,,,,
,,,,,,
,,,,,,
,,,,,,
,,,,,,
,,,,,,
,,,,,,
,,,,,,
,,,,,,
,,,,,,
,,,,,,
,,,,,,
,,,,,,
,,,,,,
,,,,,,
,,,,,,
,,,,,,
,,,,,,
,,,,,,
,,,,,,
,,,,,,
,,,,,,
,,,,,,
,,,,,,
,,,,,,
,,,,,,
,,,,,,
,,,,,,
,,,,,,
,,,,,,
,,,,,,
,,,,,,
,,,,,,
,,,,,,
,,,,,,
,,,,,,
,,,,,,
,,,,,,
,,,,,,
,,,,,,
,,,,,,
,,,,,,
,,,,,,
,,,,,,
,,,,,,
,,,,,,
,,,,,,
,,,,,,
,,,,,,
,,,,,,
,,,,,,
,,,,,,
,,,,,,
,,,,,,
,,,,,,
,,,,,,
,,,,,,
,,,,,,
,,,,,,
,,,,,,
,,,,,,
,,,,,,
,,,,,,
,,,,,,
,,,,,,
,,,,,,
,,,,,,
,,,,,,
,,,,,,
,,,,,,
,,,,,,
,,,,,,
,,,,,,
,,,,,,
,,,,,,
,,,,,,
,,,,,,
,,,,,,
,,,,,,
,,,,,,
,,,,,,
,,,,,,
,,,,,,
,,,,,,
,,,,,,
,,,,,,
,,,,,,
,,,,,,
,,,,,,
,,,,,,
,,,,,,
,,,,,,
,,,,,,
,,,,,,
,,,,,,
,,,,,,
,,,,,,
,,,,,,
,,,,,,
,,,,,,
,,,,,,
,,,,,,
,,,,,,
,,,,,,
,,,,,,
,,,,,,
,,,,,,
,,,,,,
,,,,,,
,,,,,,
,,,,,,
,,,,,,
,,,,,,
,,,,,,
,,,,,,
,,,,,,
,,,,,,
,,,,,,
,,,,,,
,,,,,,
,,,,,,
,,,,,,
,,,,,,
,,,,,,
,,,,,,
,,,,,,
,,,,,,
,,,,,,
,,,,,,
,,,,,,
,,,,,,
,,,,,,
,,,,,,
,,,,,,
,,,,,,
,,,,,,
,,,,,,
,,,,,,
,,,,,,
,,,,,,
,,,,,,
,,,,,,
,,,,,,
,,,,,,
,,,,,,
,,,,,,
,,,,,,
,,,,,,
,,,,,,
,,,,,,
,,,,,,
,,,,,,
,,,,,,
,,,,,,
,,,,,,
,,,,,,
,,,,,,
,,,,,,
,,,,,,
,,,,,,
,,,,,,
,,,,,,
,,,,,,
,,,,,,
,,,,,,
,,,,,,
,,,,,,
,,,,,,
,,,,,,
,,,,,,
,,,,,,
,,,,,,
,,,,,,
,,,,,,
,,,,,,
,,,,,,
,,,,,,
,,,,,,
,,,,,,
,,,,,,
,,,,,,
,,,,,,
,,,,,,
,,,,,,
,,,,,,
,,,,,,
,,,,,,
,,,,,,
,,,,,,
,,,,,,
,,,,,,
,,,,,,
,,,,,,
,,,,,,
,,,,,,
,,,,,,
,,,,,,
,,,,,,
,,,,,,
,,,,,,
,,,,,,
,,,,,,
,,,,,,
,,,,,,
,,,,,,
,,,,,,
,,,,,,
,,,,,,
,,,,,,
,,,,,,
,,,,,,
,,,,,,
,,,,,,
,,,,,,
,,,,,,
,,,,,,
,,,,,,
,,,,,,
,,,,,,
,,,,,,
,,,,,,
,,,,,,
,,,,,,
,,,,,,
,,,,,,
,,,,,,
,,,,,,
,,,,,,
,,,,,,
,,,,,,
,,,,,,
,,,,,,
,,,,,,
,,,,,,
,,,,,,
,,,,,,
,,,,,,
,,,,,,
,,,,,,
,,,,,,
,,,,,,
,,,,,,
,,,,,,
,,,,,,
,,,,,,
,,,,,,
,,,,,,
,,,,,,
,,,,,,
,,,,,,
,,,,,,
,,,,,,
,,,,,,
,,,,,,
,,,,,,
,,,,,,
,,,,,,
,,,,,,
,,,,,,
,,,,,,
,,,,,,
,,,,,,
,,,,,,
,,,,,,
,,,,,,
,,,,,,
,,,,,,
,,,,,,
,,,,,,
,,,,,,
,,,,,,
,,,,,,
,,,,,,
,,,,,,
,,,,,,
,,,,,,
,,,,,,
,,,,,,
,,,,,,
,,,,,,
,,,,,,
,,,,,,
,,,,,,
,,,,,,
,,,,,,
,,,,,,
,,,,,,
,,,,,,
,,,,,,
,,,,,,
,,,,,,
,,,,,,
,,,,,,
,,,,,,
,,,,,,
,,,,,,
,,,,,,
,,,,,,
,,,,,,
,,,,,,
,,,,,,
,,,,,,
,,,,,,
,,,,,,
,,,,,,
,,,,,,
,,,,,,
,,,,,,
,,,,,,
,,,,,,
,,,,,,
,,,,,,
,,,,,,
,,,,,,
,,,,,,
,,,,,,
,,,,,,
,,,,,,
,,,,,,
,,,,,,
,,,,,,
,,,,,,
,,,,,,
,,,,,,
,,,,,,
,,,,,,
,,,,,,
,,,,,,
,,,,,,
,,,,,,
,,,,,,
,,,,,,
,,,,,,
,,,,,,
,,,,,,
,,,,,,
,,,,,,
,,,,,,
,,,,,,
,,,,,,
,,,,,,
,,,,,,
,,,,,,
,,,,,,
,,,,,,
,,,,,,
,,,,,,
,,,,,,
,,,,,,
,,,,,,
,,,,,,
,,,,,,
,,,,,,
,,,,,,
,,,,,,
,,,,,,
,,,,,,
,,,,,,
,,,,,,
,,,,,,
,,,,,,
,,,,,,
,,,,,,
,,,,,,
,,,,,,
,,,,,,
,,,,,,
,,,,,,
,,,,,,
,,,,,,
,,,,,,
,,,,,,
,,,,,,
,,,,,,
,,,,,,
,,,,,,
,,,,,,
,,,,,,
,,,,,,
,,,,,,
,,,,,,
,,,,,,
,,,,,,
,,,,,,
,,,,,,
,,,,,,
,,,,,,
,,,,,,
,,,,,,
,,,,,,
,,,,,,
,,,,,,
,,,,,,
,,,,,,
,,,,,,
,,,,,,
,,,,,,
,,,,,,
,,,,,,
,,,,,,
,,,,,,
,,,,,,
,,,,,,
,,,,,,
,,,,,,
,,,,,,
,,,,,,
,,,,,,
,,,,,,
,,,,,,
,,,,,,
,,,,,,
,,,,,,
,,,,,,
,,,,,,
,,,,,,
,,,,,,
,,,,,,
,,,,,,
,,,,,,
,,,,,,
,,,,,,
,,,,,,
,,,,,,
,,,,,,
,,,,,,
,,,,,,
,,,,,,
,,,,,,
,,,,,,
,,,,,,
,,,,,,
,,,,,,
,,,,,,
,,,,,,
,,,,,,
,,,,,,
,,,,,,
,,,,,,
,,,,,,
,,,,,,
,,,,,,
,,,,,,
,,,,,,
,,,,,,
,,,,,,
,,,,,,
,,,,,,
,,,,,,
,,,,,,
,,,,,,
,,,,,,
,,,,,,
,,,,,,
,,,,,,
,,,,,,
,,,,,,
,,,,,,
,,,,,,
,,,,,,
,,,,,,
,,,,,,
,,,,,,
,,,,,,
,,,,,,
,,,,,,
,,,,,,
,,,,,,
,,,,,,
,,,,,,
,,,,,,
,,,,,,
,,,,,,
,,,,,,
,,,,,,
,,,,,,
,,,,,,
,,,,,,
,,,,,,
,,,,,,
,,,,,,
,,,,,,
,,,,,,
,,,,,,
,,,,,,
,,,,,,
,,,,,,
,,,,,,
,,,,,,
,,,,,,
,,,,,,
,,,,,,
,,,,,,
,,,,,,
,,,,,,
,,,,,,
,,,,,,
,,,,,,
,,,,,,
,,,,,,
,,,,,,
,,,,,,
,,,,,,
,,,,,,
,,,,,,
,,,,,,
,,,,,,
,,,,,,
,,,,,,
,,,,,,
,,,,,,
,,,,,,
,,,,,,
,,,,,,
,,,,,,
,,,,,,
,,,,,,
,,,,,,
,,,,,,
,,,,,,
,,,,,,
,,,,,,
,,,,,,
,,,,,,
,,,,,,
,,,,,,
,,,,,,
,,,,,,
,,,,,,
,,,,,,
,,,,,,
,,,,,,
,,,,,,
,,,,,,
,,,,,,
,,,,,,
,,,,,,
,,,,,,
,,,,,,
,,,,,,
,,,,,,
,,,,,,
,,,,,,
,,,,,,
,,,,,,
,,,,,,
,,,,,,
,,,,,,
,,,,,,
,,,,,,
,,,,,,
,,,,,,
,,,,,,
,,,,,,
,,,,,,
,,,,,,
,,,,,,
,,,,,,
,,,,,,
,,,,,,
,,,,,,
,,,,,,
,,,,,,
,,,,,,
,,,,,,
,,,,,,
,,,,,,
,,,,,,
,,,,,,
,,,,,,
,,,,,,
,,,,,,
,,,,,,
,,,,,,
,,,,,,
,,,,,,
,,,,,,
,,,,,,
,,,,,,
,,,,,,
,,,,,,
,,,,,,
,,,,,,
,,,,,,
,,,,,,
,,,,,,
,,,,,,
,,,,,,
,,,,,,
,,,,,,
,,,,,,
,,,,,,
,,,,,,
,,,,,,
,,,,,,
,,,,,,
,,,,,,
,,,,,,
,,,,,,
,,,,,,
,,,,,,
,,,,,,
,,,,,,
,,,,,,
,,,,,,
,,,,,,
,,,,,,
,,,,,,
,,,,,,
,,,,,,
,,,,,,
,,,,,,
,,,,,,
,,,,,,
,,,,,,
,,,,,,
,,,,,,
,,,,,,
,,,,,,
,,,,,,
,,,,,,
,,,,,,
,,,,,,
,,,,,,
,,,,,,
,,,,,,
,,,,,,
,,,,,,
,,,,,,
,,,,,,
,,,,,,
,,,,,,
,,,,,,
,,,,,,
,,,,,,
,,,,,,
,,,,,,
,,,,,,
,,,,,,
,,,,,,
,,,,,,
,,,,,,
,,,,,,
,,,,,,
,,,,,,
,,,,,,
,,,,,,
,,,,,,
,,,,,,
,,,,,,
,,,,,,
,,,,,,
,,,,,,
,,,,,,
,,,,,,
,,,,,,
,,,,,,
,,,,,,
,,,,,,
,,,,,,
,,,,,,
,,,,,,
,,,,,,
,,,,,,
,,,,,,
,,,,,,
,,,,,,
,,,,,,
,,,,,,
,,,,,,
,,,,,,
,,,,,,
,,,,,,
,,,,,,
,,,,,,
,,,,,,
,,,,,,
,,,,,,
,,,,,,
,,,,,,
,,,,,,
,,,,,,
,,,,,,
,,,,,,
,,,,,,
,,,,,,
,,,,,,
,,,,,,
,,,,,,
,,,,,,
,,,,,,
,,,,,,
,,,,,,
,,,,,,
,,,,,,
,,,,,,
,,,,,,
,,,,,,
,,,,,,
,,,,,,
,,,,,,
,,,,,,
,,,,,,
,,,,,,
,,,,,,
,,,,,,
,,,,,,
,,,,,,
,,,,,,
,,,,,,
,,,,,,
,,,,,,
,,,,,,
,,,,,,
,,,,,,
,,,,,,
,,,,,,
,,,,,,
,,,,,,
,,,,,,
,,,,,,
,,,,,,
,,,,,,
,,,,,,
,,,,,,
,,,,,,
,,,,,,
,,,,,,
,,,,,,
,,,,,,
,,,,,,
,,,,,,
,,,,,,
,,,,,,
,,,,,,
,,,,,,
,,,,,,
,,,,,,
,,,,,,
,,,,,,
,,,,,,
,,,,,,
,,,,,,
,,,,,,
,,,,,,
,,,,,,
,,,,,,
,,,,,,
,,,,,,
,,,,,,
,,,,,,
,,,,,,
,,,,,,
,,,,,,
,,,,,,
,,,,,,
,,,,,,
,,,,,,
,,,,,,
,,,,,,
,,,,,,
,,,,,,
,,,,,,
,,,,,,
,,,,,,
,,,,,,
,,,,,,
,,,,,,
,,,,,,
,,,,,,
,,,,,,
,,,,,,
,,,,,,
,,,,,,
,,,,,,
,,,,,,
,,,,,,
,,,,,,
,,,,,,
,,,,,,
,,,,,,
,,,,,,
,,,,,,
,,,,,,
,,,,,,
,,,,,,
,,,,,,
,,,,,,
,,,,,,
,,,,,,
,,,,,,
,,,,,,
,,,,,,
,,,,,,
,,,,,,
,,,,,,
,,,,,,
,,,,,,
,,,,,,
,,,,,,
,,,,,,
,,,,,,
,,,,,,
,,,,,,
,,,,,,
,,,,,,
,,,,,,
,,,,,,
,,,,,,
,,,,,,
,,,,,,
,,,,,,
,,,,,,
,,,,,,
,,,,,,
,,,,,,
,,,,,,
,,,,,,
,,,,,,
,,,,,,
,,,,,,
,,,,,,
,,,,,,
,,,,,,
,,,,,,
,,,,,,
,,,,,,
,,,,,,
,,,,,,
,,,,,,
,,,,,,
,,,,,,
,,,,,,
,,,,,,
,,,,,,
,,,,,,
,,,,,,
,,,,,,
,,,,,,
,,,,,,
,,,,,,
,,,,,,
,,,,,,
,,,,,,
,,,,,,
,,,,,,
,,,,,,
,,,,,,
,,,,,,
,,,,,,
,,,,,,
,,,,,,
,,,,,,
,,,,,,
,,,,,,
,,,,,,
,,,,,,
,,,,,,
,,,,,,
,,,,,,
,,,,,,
,,,,,,
,,,,,,
,,,,,,
,,,,,,
,,,,,,
,,,,,,
,,,,,,
,,,,,,
,,,,,,
,,,,,,
,,,,,,
,,,,,,
,,,,,,
,,,,,,
,,,,,,
,,,,,,
,,,,,,
,,,,,,
,,,,,,
,,,,,,
,,,,,,
,,,,,,
,,,,,,
,,,,,,
,,,,,,
,,,,,,
,,,,,,
,,,,,,
,,,,,,
,,,,,,
,,,,,,
,,,,,,
,,,,,,
,,,,,,
,,,,,,
,,,,,,
,,,,,,
,,,,,,
,,,,,,
,,,,,,
,,,,,,
,,,,,,
,,,,,,
,,,,,,
,,,,,,
,,,,,,
,,,,,,
,,,,,,
,,,,,,
,,,,,,
,,,,,,
,,,,,,
,,,,,,
,,,,,,
,,,,,,
,,,,,,
,,,,,,
,,,,,,
,,,,,,
,,,,,,
,,,,,,
,,,,,,
,,,,,,
,,,,,,
,,,,,,
,,,,,,
,,,,,,
,,,,,,
,,,,,,
,,,,,,
,,,,,,
,,,,,,
,,,,,,
,,,,,,
,,,,,,
,,,,,,
,,,,,,
,,,,,,
,,,,,,
,,,,,,
,,,,,,
,,,,,,
,,,,,,
,,,,,,
,,,,,,
,,,,,,
,,,,,,
,,,,,,
,,,,,,
,,,,,,
,,,,,,
,,,,,,
,,,,,,
,,,,,,
,,,,,,
,,,,,,
,,,,,,
,,,,,,
,,,,,,
,,,,,,
,,,,,,
,,,,,,
,,,,,,
,,,,,,
,,,,,,
,,,,,,
,,,,,,
,,,,,,
,,,,,,
,,,,,,
,,,,,,
,,,,,,
,,,,,,
,,,,,,
,,,,,,
,,,,,,
,,,,,,
,,,,,,
,,,,,,
,,,,,,
,,,,,,
,,,,,,
,,,,,,
,,,,,,
,,,,,,
,,,,,,
,,,,,,
,,,,,,
,,,,,,
,,,,,,
,,,,,,
,,,,,,
,,,,,,
,,,,,,
,,,,,,
,,,,,,
,,,,,,
,,,,,,
,,,,,,
,,,,,,
,,,,,,
,,,,,,
,,,,,,
,,,,,,
,,,,,,
,,,,,,
,,,,,,
,,,,,,
,,,,,,
,,,,,,
,,,,,,
,,,,,,
,,,,,,
,,,,,,
,,,,,,
,,,,,,
,,,,,,
,,,,,,
,,,,,,
,,,,,,
,,,,,,
,,,,,,
,,,,,,
,,,,,,
,,,,,,
,,,,,,
,,,,,,
,,,,,,
,,,,,,
,,,,,,
,,,,,,
,,,,,,
,,,,,,
,,,,,,
,,,,,,
,,,,,,
,,,,,,
,,,,,,
,,,,,,
,,,,,,
,,,,,,
,,,,,,
,,,,,,
,,,,,,
,,,,,,
,,,,,,
,,,,,,
,,,,,,
,,,,,,
,,,,,,
,,,,,,
,,,,,,
,,,,,,
,,,,,,
,,,,,,
,,,,,,
,,,,,,
,,,,,,
,,,,,,
,,,,,,
,,,,,,
,,,,,,
,,,,,,
,,,,,,
,,,,,,
,,,,,,
,,,,,,
,,,,,,
,,,,,,
,,,,,,
,,,,,,
,,,,,,
,,,,,,
,,,,,,
,,,,,,
,,,,,,
,,,,,,
,,,,,,
,,,,,,
,,,,,,
,,,,,,
,,,,,,
,,,,,,
,,,,,,
,,,,,,
,,,,,,
,,,,,,
,,,,,,
,,,,,,
,,,,,,
,,,,,,
,,,,,,
,,,,,,
,,,,,,
,,,,,,
,,,,,,
,,,,,,
,,,,,,
,,,,,,
,,,,,,
,,,,,,
,,,,,,
,,,,,,
,,,,,,
,,,,,,
,,,,,,
,,,,,,
,,,,,,
,,,,,,
,,,,,,
,,,,,,
,,,,,,
,,,,,,
,,,,,,
,,,,,,
,,,,,,
,,,,,,
,,,,,,
,,,,,,
,,,,,,
,,,,,,
,,,,,,
,,,,,,
,,,,,,
,,,,,,
,,,,,,
,,,,,,
,,,,,,
,,,,,,
,,,,,,
,,,,,,
,,,,,,
,,,,,,
,,,,,,
,,,,,,
,,,,,,
,,,,,,
,,,,,,
,,,,,,
,,,,,,
,,,,,,
,,,,,,
,,,,,,
,,,,,,
,,,,,,
,,,,,,
,,,,,,
,,,,,,
,,,,,,
,,,,,,
,,,,,,
,,,,,,
,,,,,,
,,,,,,
,,,,,,
,,,,,,
,,,,,,
,,,,,,
,,,,,,
,,,,,,
,,,,,,
,,,,,,
,,,,,,
,,,,,,
,,,,,,
,,,,,,
,,,,,,
,,,,,,
,,,,,,
,,,,,,
,,,,,,
,,,,,,
,,,,,,
,,,,,,
,,,,,,
,,,,,,
,,,,,,
,,,,,,
,,,,,,
,,,,,,
,,,,,,
,,,,,,
,,,,,,
,,,,,,
,,,,,,
,,,,,,
,,,,,,
,,,,,,
,,,,,,
,,,,,,
,,,,,,
,,,,,,
,,,,,,
,,,,,,
,,,,,,
,,,,,,
,,,,,,
,,,,,,
,,,,,,
,,,,,,
,,,,,,
,,,,,,
,,,,,,
,,,,,,
,,,,,,
,,,,,,
,,,,,,
,,,,,,
,,,,,,
,,,,,,
,,,,,,
,,,,,,
,,,,,,
,,,,,,
,,,,,,
,,,,,,
,,,,,,
,,,,,,
,,,,,,
,,,,,,
,,,,,,
,,,,,,
,,,,,,
,,,,,,
,,,,,,
,,,,,,
,,,,,,
,,,,,,
,,,,,,
,,,,,,
,,,,,,
,,,,,,
,,,,,,
,,,,,,
,,,,,,
,,,,,,
,,,,,,
,,,,,,
,,,,,,
,,,,,,
,,,,,,
,,,,,,
,,,,,,
,,,,,,
,,,,,,
,,,,,,
,,,,,,
,,,,,,
,,,,,,
,,,,,,
,,,,,,
,,,,,,
,,,,,,
,,,,,,
,,,,,,
,,,,,,
,,,,,,
,,,,,,
,,,,,,
,,,,,,
,,,,,,
,,,,,,
,,,,,,
,,,,,,
,,,,,,
,,,,,,
,,,,,,
,,,,,,
,,,,,,
,,,,,,
,,,,,,
,,,,,,
,,,,,,
,,,,,,
,,,,,,
,,,,,,
,,,,,,
,,,,,,
,,,,,,
,,,,,,
,,,,,,
,,,,,,
,,,,,,
,,,,,,
,,,,,,
,,,,,,
,,,,,,
,,,,,,
,,,,,,
,,,,,,
,,,,,,
,,,,,,
,,,,,,
,,,,,,
,,,,,,
,,,,,,
,,,,,,
,,,,,,
,,,,,,
,,,,,,
,,,,,,
,,,,,,
,,,,,,
,,,,,,
,,,,,,
,,,,,,
,,,,,,
,,,,,,
,,,,,,
,,,,,,
,,,,,,
,,,,,,
,,,,,,
,,,,,,
,,,,,,
,,,,,,
,,,,,,
,,,,,,
,,,,,,
,,,,,,
,,,,,,
,,,,,,
,,,,,,
,,,,,,
,,,,,,
,,,,,,
,,,,,,
,,,,,,
,,,,,,
,,,,,,
,,,,,,
,,,,,,
,,,,,,
,,,,,,
,,,,,,
,,,,,,
,,,,,,
,,,,,,
,,,,,,
,,,,,,
,,,,,,
,,,,,,
,,,,,,
,,,,,,
,,,,,,
,,,,,,
,,,,,,
,,,,,,
,,,,,,
,,,,,,
,,,,,,
,,,,,,
,,,,,,
,,,,,,
,,,,,,
,,,,,,
,,,,,,
,,,,,,
,,,,,,
,,,,,,
,,,,,,
,,,,,,
,,,,,,
,,,,,,
,,,,,,
,,,,,,
,,,,,,
,,,,,,
,,,,,,
,,,,,,
,,,,,,
,,,,,,
,,,,,,
,,,,,,
,,,,,,
,,,,,,
,,,,,,
,,,,,,
,,,,,,
,,,,,,
,,,,,,
,,,,,,
,,,,,,
,,,,,,
,,,,,,
,,,,,,
,,,,,,
,,,,,,
,,,,,,
,,,,,,
,,,,,,
,,,,,,
,,,,,,
,,,,,,
,,,,,,
,,,,,,
,,,,,,
,,,,,,
,,,,,,
,,,,,,
,,,,,,
,,,,,,
,,,,,,
,,,,,,
,,,,,,
,,,,,,
,,,,,,
,,,,,,
,,,,,,
,,,,,,
,,,,,,
,,,,,,
,,,,,,
,,,,,,
,,,,,,
,,,,,,
,,,,,,
,,,,,,
,,,,,,
,,,,,,
,,,,,,
,,,,,,
,,,,,,
,,,,,,
,,,,,,
,,,,,,
,,,,,,
,,,,,,
,,,,,,
,,,,,,
,,,,,,
,,,,,,
,,,,,,
,,,,,,
,,,,,,
,,,,,,
,,,,,,
,,,,,,
,,,,,,
,,,,,,
,,,,,,
,,,,,,
,,,,,,
,,,,,,
,,,,,,
,,,,,,
,,,,,,
,,,,,,
,,,,,,
,,,,,,
,,,,,,
,,,,,,
,,,,,,
,,,,,,
,,,,,,
,,,,,,
,,,,,,
,,,,,,
,,,,,,
,,,,,,
,,,,,,
,,,,,,
,,,,,,
,,,,,,
,,,,,,
,,,,,,
,,,,,,
,,,,,,
,,,,,,
,,,,,,
,,,,,,
,,,,,,
,,,,,,
,,,,,,
,,,,,,
,,,,,,
,,,,,,
,,,,,,
,,,,,,
,,,,,,
,,,,,,
,,,,,,
,,,,,,
,,,,,,
,,,,,,
,,,,,,
,,,,,,
,,,,,,
,,,,,,
,,,,,,
,,,,,,
,,,,,,
,,,,,,
,,,,,,
,,,,,,
,,,,,,
,,,,,,
,,,,,,
,,,,,,
,,,,,,
,,,,,,
,,,,,,
,,,,,,
,,,,,,
,,,,,,
,,,,,,
,,,,,,
,,,,,,
,,,,,,
,,,,,,
,,,,,,
,,,,,,
,,,,,,
,,,,,,
,,,,,,
,,,,,,
,,,,,,
,,,,,,
,,,,,,
,,,,,,
,,,,,,
,,,,,,
,,,,,,
,,,,,,
,,,,,,
,,,,,,
,,,,,,
,,,,,,
,,,,,,
,,,,,,
,,,,,,
,,,,,,
,,,,,,
,,,,,,
,,,,,,
,,,,,,
,,,,,,
,,,,,,
,,,,,,
,,,,,,
,,,,,,
,,,,,,
,,,,,,
,,,,,,
,,,,,,
,,,,,,
,,,,,,
,,,,,,
,,,,,,
,,,,,,
,,,,,,
,,,,,,
,,,,,,
,,,,,,
,,,,,,
,,,,,,
,,,,,,
,,,,,,
,,,,,,
,,,,,,
,,,,,,
,,,,,,
,,,,,,
,,,,,,
,,,,,,
,,,,,,
,,,,,,
,,,,,,
,,,,,,
,,,,,,
,,,,,,
,,,,,,
,,,,,,
,,,,,,
,,,,,,
,,,,,,
,,,,,,
,,,,,,
,,,,,,
,,,,,,
,,,,,,
,,,,,,
,,,,,,
,,,,,,
,,,,,,
,,,,,,
,,,,,,
,,,,,,
,,,,,,
,,,,,,
,,,,,,
,,,,,,
,,,,,,
,,,,,,
,,,,,,
,,,,,,
,,,,,,
,,,,,,
,,,,,,
,,,,,,
,,,,,,
,,,,,,
,,,,,,
,,,,,,
,,,,,,
,,,,,,
,,,,,,
,,,,,,
,,,,,,
,,,,,,
,,,,,,
,,,,,,
,,,,,,
,,,,,,
,,,,,,
,,,,,,
,,,,,,
,,,,,,
,,,,,,
,,,,,,
,,,,,,
,,,,,,
,,,,,,
,,,,,,
,,,,,,
,,,,,,
,,,,,,
,,,,,,
,,,,,,
,,,,,,
,,,,,,
,,,,,,
,,,,,,
,,,,,,
,,,,,,
,,,,,,
,,,,,,
,,,,,,
,,,,,,
,,,,,,
,,,,,,
,,,,,,
,,,,,,
,,,,,,
,,,,,,
,,,,,,
,,,,,,
,,,,,,
,,,,,,
,,,,,,
,,,,,,
,,,,,,
,,,,,,
,,,,,,
,,,,,,
,,,,,,
,,,,,,
,,,,,,
,,,,,,
,,,,,,
,,,,,,
,,,,,,
,,,,,,
,,,,,,
,,,,,,
,,,,,,
,,,,,,
,,,,,,
,,,,,,
,,,,,,
,,,,,,
,,,,,,
,,,,,,
,,,,,,
,,,,,,
,,,,,,
,,,,,,
,,,,,,
,,,,,,
,,,,,,
,,,,,,
,,,,,,
,,,,,,
,,,,,,
,,,,,,
,,,,,,
,,,,,,
,,,,,,
,,,,,,
,,,,,,
,,,,,,
,,,,,,
,,,,,,
,,,,,,
,,,,,,
,,,,,,
,,,,,,
,,,,,,
,,,,,,
,,,,,,
,,,,,,
,,,,,,
,,,,,,
,,,,,,
,,,,,,
,,,,,,
,,,,,,
,,,,,,
,,,,,,
,,,,,,
,,,,,,
,,,,,,
,,,,,,
,,,,,,
,,,,,,
,,,,,,
,,,,,,
,,,,,,
,,,,,,
,,,,,,
,,,,,,
,,,,,,
,,,,,,
,,,,,,
,,,,,,
,,,,,,
,,,,,,
,,,,,,
,,,,,,
,,,,,,
,,,,,,
,,,,,,
,,,,,,
,,,,,,
,,,,,,
,,,,,,
,,,,,,
,,,,,,
,,,,,,
,,,,,,
,,,,,,
,,,,,,
,,,,,,
,,,,,,
,,,,,,
,,,,,,
,,,,,,
,,,,,,
,,,,,,
,,,,,,
,,,,,,
,,,,,,
,,,,,,
,,,,,,
,,,,,,
,,,,,,
,,,,,,
,,,,,,
,,,,,,
,,,,,,
,,,,,,
,,,,,,
,,,,,,
,,,,,,
,,,,,,
,,,,,,
,,,,,,
,,,,,,
,,,,,,
,,,,,,
,,,,,,
,,,,,,
,,,,,,
,,,,,,
,,,,,,
,,,,,,
,,,,,,
,,,,,,
,,,,,,
,,,,,,
,,,,,,
,,,,,,
,,,,,,
,,,,,,
,,,,,,
,,,,,,
,,,,,,
,,,,,,
,,,,,,
,,,,,,
,,,,,,
,,,,,,
,,,,,,
,,,,,,
,,,,,,
,,,,,,
,,,,,,
,,,,,,
,,,,,,
,,,,,,
,,,,,,
,,,,,,
,,,,,,
,,,,,,
,,,,,,
,,,,,,
,,,,,,
